Id,FirstName,LastName,TeacherId
22e3aeb7-d842-4b68-a3e7-6e19f5d99228,Kory,Douglas,8a699765-fba8-4563-9b45-03449f980c3b
30f9820c-1fdd-434a-ba22-87e87d276d1d,Chyna,Thompson,222a0c52-efd7-4a04-9904-6cfef3f8ffcf
4567d067-476b-48e3-a286-7e2186b04ba0,Brendon,Walter,7196c9d0-3353-4955-a7fc-f433bb85ddf8
6107e3a9-9b75-474a-8dcd-3d10263e5fab,Raymundo,Hettinger,7dd8ad51-a9de-4f0a-8d5d-4f70192af4c6
f404c7c3-4a5a-43b6-a964-7dc15ad5a384,Niko,Ward,962b1a0d-a9f2-418b-bab0-ac692b8e89ff
932ddab0-d8b0-42ab-b797-ba6b83ae4526,Carlie,Ondricka,45f4c656-851c-445e-814a-9171a5160dc0
99d7425f-fb53-4061-abf5-933cfc818f34,Brigitte,Stiedemann,694c7824-5428-4fba-95f8-7fc8e5b48ecb
77c8a568-5f9d-4eff-b720-50b4191f56f4,Arno,Hegmann,6d4ae42b-801b-464c-a068-0c710b2e5d9e
3a590af4-fd20-48f6-ade2-074c68f691e4,Lawson,Heidenreich,407b81d9-5996-41ea-8b22-b129e5b6fa8c
d80b899e-93e1-46d2-8ece-4ebdcdd92d03,Cielo,Bergstrom,e3927a39-6af0-4378-92a3-a29c72d51c52
6ed93d3e-ff2f-4900-be8a-8c9ca97c622e,Destiny,Robel,b635ede6-c582-4850-a3d9-5825af931b95
c7867b5b-09ef-4e97-86da-ed2be5a7add6,Kendrick,Koss,0ec423b4-f278-4447-8eca-12e73ec0ab58
043706b9-1007-4f92-a5a5-5d3c36dfada4,Autumn,Mills,3b56cb01-7623-4a2d-a9b7-3729dfca3740
0a8a164f-5d5c-4248-b884-dee78ec9b784,Albert,Krajcik,5e92cec0-1893-4c38-9876-53e0074bb36b
307c5446-5c59-4b48-b6aa-f4de8a4f758c,Michale,Little,0f828e19-3619-4bd5-8b17-789eacd9f073
d0888309-eab2-4d32-a5c1-1175589467dd,Agustin,Dickens,0010eac2-38be-45d4-a8fb-051b1b1a16a9
2171d994-65e8-420d-befd-fcf000034e07,Junior,White,0f828e19-3619-4bd5-8b17-789eacd9f073
18b0c459-052d-415d-a91b-9730151a01f7,Alec,Lemke,4de093b7-29a7-40e3-9422-f7b67f0c17e7
3be6d314-1b77-4392-a475-b6b1ec8a6a23,Myah,Marquardt,85ca329f-c85b-40fd-9a13-b62f2487d9d2
245ed332-ec06-4260-889d-994d61d43cf9,Cameron,Macejkovic,bce61f6d-ebd5-42e4-8627-a62f07562c34
d7accda4-fee1-452c-9a94-3eb251b06ace,Adriana,Roob,dc0b5f29-a935-4a35-8b02-ee9926fe1b00
8c3a2ba7-82be-4af4-9791-d92c93c311ca,Tito,Huel,53bbb617-7eb3-4316-8cea-bfb436c64d77
016abac7-8291-4bc0-9cfa-e6f7100eab19,Dessie,Cole,51d98163-4e25-420d-b530-fcf9b84e583e
b99816d8-45b0-4fc6-bd51-77ecad40fc35,Francisca,Batz,ea6dc88f-b999-4050-b275-9e92f8c733ea
81d879b0-43e9-4d9b-9854-ea30eebe13a3,Pink,Stokes,0ec423b4-f278-4447-8eca-12e73ec0ab58
9368bc90-c566-4a91-919f-1cd06bc43e6d,Chelsea,Littel,4873d81e-3026-4c70-a6b5-3ae760ca7b46
6cbadccf-ac1a-42a5-9bec-d4b5c6a406d4,Damian,Walter,7a320b68-98bc-421a-839c-9121fde3a798
9aa73a8e-b7c7-4f11-8dc6-c0b4faff3949,Victor,Block,b3119b65-0115-4e0d-8927-ba40ac4b83be
57433213-0c1c-48d0-b2b7-c695fe3ac17e,Bernard,Haley,85ca329f-c85b-40fd-9a13-b62f2487d9d2
6a0d8fe0-23e6-4959-94a7-d09bdc369584,Kattie,Reynolds,4bb6f462-9156-425c-a212-1223d414eef4
d5de92d4-1705-4fc7-8eba-1f45d4dac87e,Dagmar,Mraz,a6e74fc0-757f-4b4b-9396-db1938f3b73c
4e70c3f0-9d94-4191-ac16-bdeb03d4bd1b,Maurine,King,86c52214-7fd2-49f6-b14d-212ffc1ef84c
907a236a-f03d-4643-8fd5-4b1315a9c48e,Garret,Pacocha,bbd85afc-47ad-47f0-89ec-ec8d609ad5d6
71838342-9808-4802-9e49-bccb75c51ac5,Keshawn,Gutmann,0010eac2-38be-45d4-a8fb-051b1b1a16a9
6c0c6587-36dd-4305-906f-9ee338a2ebf9,Randall,Ferry,12176d11-5136-45c6-a0c0-20bf4804fe8f
085c3145-2724-44f9-9ffc-b43200335226,Lexie,Abshire,dc0b5f29-a935-4a35-8b02-ee9926fe1b00
93cfe30f-2c57-4111-bfbf-86269f27e20e,Stephania,Dare,86c08561-20f4-491c-9a55-92cd53eadd58
b31c2f58-751e-4598-bd03-8e43787119a1,Reymundo,Walker,668331d4-a6dc-40ee-8934-5728be8002e5
bbbbee72-8d9c-4e04-9ae4-216fa56bf8aa,Joy,Kshlerin,668331d4-a6dc-40ee-8934-5728be8002e5
d28dd5ad-263f-4194-93f9-0a06ff952b86,Matilde,Pouros,03558aa8-2bbe-465c-a2de-f8b3ddf19fcf
117b9986-58c3-4f8e-97c4-29a534090dd7,Zack,Rippin,7a320b68-98bc-421a-839c-9121fde3a798
0e09feea-0c52-47e2-9bb0-229a590ffbc6,Dannie,Windler,51d98163-4e25-420d-b530-fcf9b84e583e
b71b8875-5a8e-491f-875e-61b2986f23e8,Gia,Feest,f15f859f-02af-494b-9377-df69a960199b
ff392f41-2c0f-45ed-93f1-1c6e51152895,Gia,Nicolas,03558aa8-2bbe-465c-a2de-f8b3ddf19fcf
2e3dae4a-b45d-49c8-841a-a15c0fe07882,Faye,Purdy,3e4ead6d-27cc-428f-ae68-4bdb4c6387e0
e5c9a905-20d3-4ed0-bd38-8a98a3c82711,Moses,Orn,b9c6001b-624f-4d48-afa5-02cf6ec9224e
9927a09c-8227-4c70-bfe8-74087a48a18a,Mary,Ward,515c15bf-fba8-4bf4-90cd-0c98ed98ee10
18c98fcf-4f36-4659-9174-4159f274137c,Sigrid,Schneider,357d1c6a-cf51-4edd-b719-e171506d3542
2b61f50b-d19e-4511-a1d1-7517e0e067e7,Zackery,Mills,919023a2-cace-4ff8-b5ea-49e76bef1823
f3e5f6fd-3670-483d-bd43-78c595318292,Yolanda,Kirlin,8f7af8d7-7e31-444f-aa1c-e0ad53a2d8a8
d4a3f4ff-c495-4025-8d7e-fa22e7384606,Myles,Kshlerin,cbc5007d-ee55-44e4-85ec-32b33822da4e
34b0cc04-45eb-4fee-a1b8-621e74de4ab5,Freddie,Ernser,89a1c38e-d86a-4508-9ffa-443cec35fd5a
e3a7b081-a745-489c-b07d-c8e29157a1a6,Abraham,Weissnat,806df860-13d4-4dc1-b977-1c77606f43cc
7056e41f-4aa8-4a46-aab1-8a22a5ae60aa,Ellis,Bahringer,fc6dfb8c-f206-4cfc-9217-b89aa43f80c7
ffaa7c1f-127c-497a-a5c6-590612a2757b,Luisa,Frami,3b56cb01-7623-4a2d-a9b7-3729dfca3740
308415bd-2033-48df-99cd-2dd7dea7e8c4,Anahi,Wuckert,962b1a0d-a9f2-418b-bab0-ac692b8e89ff
c19d420b-a6f6-42be-949a-30176a3c2535,Tessie,Howe,0993a2c1-aed7-4f24-8941-f087875a1452
c00b8716-bbd4-40dd-8fef-e11e15a0b31b,Miracle,Kuphal,4de093b7-29a7-40e3-9422-f7b67f0c17e7
562905ef-f2d7-462c-b4ca-360a397dc8ec,Abby,Kuhlman,aafb76ab-4796-4f88-a3d2-6c04e8cb8fe9
24883d19-3d24-4e91-8a4f-42da8f256991,Lizeth,Cole,3b56cb01-7623-4a2d-a9b7-3729dfca3740
010ed704-59f3-4060-b57e-2452a0d3cc39,Francesca,Rowe,6d4ae42b-801b-464c-a068-0c710b2e5d9e
1e1efb62-b160-4274-a1f9-d994c6f2725f,Kory,Carroll,aafb76ab-4796-4f88-a3d2-6c04e8cb8fe9
b46ed3a7-2dbc-420d-ab2f-03ce66d4c430,Kory,Kunde,b3119b65-0115-4e0d-8927-ba40ac4b83be
df21b9d2-cce5-49f0-8513-c77c2eed1196,Alena,Grant,443bdb9d-e4ec-4076-9500-722fe690dd62
44943c17-ce3b-4df2-9a52-ebe07e153e1a,Camylle,Abbott,08f98650-3873-4694-898c-9c39a1f34ff4
ca06d503-414d-43db-9362-8a8309186d56,Jarod,Bayer,0010eac2-38be-45d4-a8fb-051b1b1a16a9
f31bd132-b310-43f0-9c0e-d481ee8a5479,Aracely,Bergnaum,694c7824-5428-4fba-95f8-7fc8e5b48ecb
f181861f-a695-4c47-b60f-8597b8cbcc4d,Dayana,Bernhard,b7a01113-cb95-4c71-b5e4-34f96eaa2c18
63d23566-3f8d-4819-8827-dbfab8d29b1c,Matilde,Toy,185f6d1a-a0c5-4476-9739-4bf463e8b3b6
df5c2d53-bb80-4d7b-9466-7dd8a06976ec,Brandi,Grady,7d1b71b3-36f1-419a-ba70-060815a8ae74
4efd0db0-7ab9-4c94-b441-6a918694aed0,Stephanie,Grimes,b9c6001b-624f-4d48-afa5-02cf6ec9224e
c433bb5d-6d3a-424c-a994-3145ca4240d5,Markus,Lakin,e45f06f2-b494-49af-b2a3-e5c66a508f6b
a334a453-feb9-4e0a-903d-7debf8763302,Jakayla,Mann,68d81d6d-6dde-47b9-9f79-4e04b3ba6086
55000d9c-184c-4be0-9969-261481d14216,Simone,Harris,a01f4ca7-c866-487f-adf0-b7ca62e1e94c
0b7f16ad-1e03-4c96-b67f-d2f9c17d3b6f,Elenora,Labadie,4dbbe99e-7b1c-4ef0-a3b5-9cb6d1556ef7
f3f4215d-1ba6-42c2-a1c1-d4f6c81ce580,Fermin,Schimmel,89a1c38e-d86a-4508-9ffa-443cec35fd5a
9141b60d-992b-4238-9fb7-8bab7a8b8a73,Mckenna,DuBuque,86c08561-20f4-491c-9a55-92cd53eadd58
1d72ed67-afc7-4f75-8e35-d0c8e501336c,Jan,Koelpin,13cebc79-5b6e-4b4d-84e9-925e5e6c2474
f36ecf86-1bcf-4e39-9ff3-050f581d858c,Werner,King,fc6dfb8c-f206-4cfc-9217-b89aa43f80c7
5d5fa4ff-fa51-44cf-8c16-d068a709bcf3,Mae,Daniel,286aa3e8-d56a-4e26-8974-13c40f8132a9
f525a1fb-bf4e-4542-98ea-741002464e60,Cecil,Bosco,222a0c52-efd7-4a04-9904-6cfef3f8ffcf
71674c78-27d8-4f88-9192-d2c84948402f,Oda,O'Kon,68d81d6d-6dde-47b9-9f79-4e04b3ba6086
5733011e-0ac7-426a-9472-e8f0310ad4b8,Erika,Hickle,f15f859f-02af-494b-9377-df69a960199b
eaf4ef46-aedd-4753-956b-82bef64a2e28,Amani,Johnson,6a64a9b6-5d90-46a1-8f08-db26b9ba3211
1aee7254-45ab-40a0-9cc3-a3c872938adc,Alexis,Langworth,27882fe3-360b-4c89-99bf-089ff18ab89a
c6fa1eaa-3f68-46ae-93a6-4da9ae1b8e81,Enola,Stokes,99f88e6a-af66-4ab9-86da-90ae1e2fa093
e1f9c808-d11e-4801-9f89-e7089e97e11a,Arielle,Terry,ec1166af-2a7a-4b46-b9a4-047a54a04877
4a374514-91ae-441b-8794-d0149209faa9,Cecil,Greenfelder,51d98163-4e25-420d-b530-fcf9b84e583e
9e9f282b-8f0b-471f-8f05-77b079f378ab,Torey,Wisoky,f15f859f-02af-494b-9377-df69a960199b
01b91118-80cb-4316-bd6e-0dc1f17067f2,Gaetano,Hessel,d4b69cc8-0c4b-4c1e-802d-2204e2b3885e
cd88dd44-7740-4994-af98-cb2409a45133,Bernardo,Lang,7ed8c3a0-0ec9-41fe-bdae-705b18fb17fb
40490261-2fbc-43ac-a182-79ce363bd341,Carmela,Altenwerth,d9c2d18b-d4f7-4025-8f99-fa632c9cdb3c
13f2376c-20d2-428c-ac95-5f0800906479,Cora,Walker,89cd69d2-03a7-41b8-8a0a-4f363f728c9b
9e74fde4-2ace-45dc-b098-ee40d840988c,Elisa,Littel,0ec423b4-f278-4447-8eca-12e73ec0ab58
7e633c71-30cc-429c-b696-e456bf6e9a23,Mackenzie,Cremin,ac518176-f76d-4144-8b14-78a25bbe0eff
1f4a5c5f-4b93-4909-beeb-d1cad1c9c813,Evie,Jenkins,fc6dfb8c-f206-4cfc-9217-b89aa43f80c7
b6a6a1cf-1bcf-47ae-a773-14f2380a9f4a,Rowland,Spencer,27882fe3-360b-4c89-99bf-089ff18ab89a
46aa1e7e-e7eb-4b50-a7f9-5bbc42f23ab6,Rose,Robel,7a320b68-98bc-421a-839c-9121fde3a798
795945a1-20ee-40b6-95fb-3791c7386bf7,Lea,Berge,51e6c090-d503-4e05-be8a-6cb0cf92c71c
8c620e19-cf9c-4bbf-ae8c-2027ce01f251,Geovanny,Batz,b4879ada-a16f-42db-8493-ad2bc93ee438
ec29d73a-6f01-4660-8521-b7477aa410bd,Danika,Hauck,7196c9d0-3353-4955-a7fc-f433bb85ddf8
d3d41e6a-02c3-4f0c-a9c2-d9dd6ced8190,Vaughn,Corwin,a6e74fc0-757f-4b4b-9396-db1938f3b73c
c9093667-f7e4-49c4-81ed-2d79ef989fc8,Kiana,Schamberger,dc0b5f29-a935-4a35-8b02-ee9926fe1b00
efb0458e-0498-4628-b452-54e19cac790c,Gabe,Thiel,515c15bf-fba8-4bf4-90cd-0c98ed98ee10
00c5a0d3-b142-40f4-aa5b-b967c51f7d9d,Sonny,Koss,1e72d1ee-accc-43f6-a215-81c2394c4e7c
c5ab2aeb-a861-48bc-9f3d-43685c6b7ae6,Adelbert,Kulas,cbc5007d-ee55-44e4-85ec-32b33822da4e
d2f3c43c-183e-4634-9c66-122c0628fe12,Martina,Carter,45f4c656-851c-445e-814a-9171a5160dc0
0c875ed5-972f-4b48-8d21-40cc27ff8087,Jaunita,Ward,185f6d1a-a0c5-4476-9739-4bf463e8b3b6
07c2e6d6-99c3-4370-ada8-a83ff6c2ad03,Juanita,Quigley,e45f06f2-b494-49af-b2a3-e5c66a508f6b
85463f5f-72c3-405b-b456-20d6dcab4480,Golda,Schneider,7dd8ad51-a9de-4f0a-8d5d-4f70192af4c6
945cb4a7-796f-48e9-a050-f0a5aad73fd1,Rod,Adams,8f7af8d7-7e31-444f-aa1c-e0ad53a2d8a8
a974f0e4-70fc-48c7-b5e7-692f20acf68f,Ima,Frami,05aaf131-f42b-4f1b-a218-4b4e16531964
68b1d2ad-d6e4-4d94-8a00-84d43530f6ed,Alek,Mueller,aafb76ab-4796-4f88-a3d2-6c04e8cb8fe9
cb6fe6bf-5550-4f97-944d-5e19565f6688,Emmanuel,McGlynn,a4ee82c8-de04-4a63-b21f-6d801fcebbc4
fd4da38a-bac8-4210-90e7-95512e8e10d2,Norval,Stanton,4873d81e-3026-4c70-a6b5-3ae760ca7b46
2bae9f98-c5ba-4a7a-ad3e-8f02c2e92db7,Moises,Thompson,d00b331e-a480-4181-8a53-2c7ae99b416d
3ac82ed0-eaf6-4262-9226-61c5c684bd65,Lorena,Beer,64f3a0f4-37bc-4843-a39b-963d4d1e30bf
bc8915f7-46a9-4068-b9f4-7fb998a365c5,Delaney,Denesik,68329e43-8667-4196-a988-36ce6d4f692c
bde9b68c-1c15-45c9-9505-c7787df46fd1,Franco,Gulgowski,a4ee82c8-de04-4a63-b21f-6d801fcebbc4
3c4e3a9f-9646-43f8-bd37-7571cb1260dc,Bertha,Dietrich,05aaf131-f42b-4f1b-a218-4b4e16531964
5b3fe47f-2cc0-498e-9eee-66a26f38cc1c,Oleta,Weissnat,4bb6f462-9156-425c-a212-1223d414eef4
de1fa5bc-e20e-4d78-ab45-218962add784,Brandi,Kreiger,b3119b65-0115-4e0d-8927-ba40ac4b83be
c7c47929-c956-4a29-9724-d70f1624d786,Kory,Ward,d00b331e-a480-4181-8a53-2c7ae99b416d
0049f7fa-75c1-4fe6-a785-6a23b045868c,Dallas,Rippin,561eab3f-408a-4f8f-beb3-77b4d1cc73eb
ebf3266e-ecaa-4113-a41d-95ac2042898c,Catalina,McLaughlin,bce61f6d-ebd5-42e4-8627-a62f07562c34
e8025ec7-f5a7-4f9f-a8ad-93bb5beeec88,Adolphus,Kassulke,3e4ead6d-27cc-428f-ae68-4bdb4c6387e0
efd95262-7f79-4f95-aedc-d69ab65cb504,Dee,Heller,13cebc79-5b6e-4b4d-84e9-925e5e6c2474
d5ace2d1-3763-41fe-973f-75ee3eb983af,Eliezer,Waters,a9bb487d-0208-48c4-95a0-47569edad1ba
99f39607-adb7-447c-90a7-d0189b6a6208,Dejah,Hudson,05aaf131-f42b-4f1b-a218-4b4e16531964
1e2310fd-3873-487d-a1a4-173a960769a3,Velma,Moen,1e72d1ee-accc-43f6-a215-81c2394c4e7c
76de6639-4e1f-4a69-8758-578bcbed89a0,Rossie,Satterfield,36852f45-14ce-4c8d-a27f-158ca5728814
bbf1f327-e048-4382-9d46-9404ee81d7b5,Favian,Walsh,b9c6001b-624f-4d48-afa5-02cf6ec9224e
87a0b91b-0ee7-4cd1-92ae-b0c2d3210e02,Carolanne,Gutmann,b4879ada-a16f-42db-8493-ad2bc93ee438
cc5bf3a8-da07-4aa1-bf88-ac97e554a0fb,Cooper,Walker,0f828e19-3619-4bd5-8b17-789eacd9f073
5c341e46-1460-4d54-a191-643cac7d44a5,Bettye,Johns,68329e43-8667-4196-a988-36ce6d4f692c
7ca98f0b-9265-4050-8f20-fe087215950f,Giovanny,Thiel,b4879ada-a16f-42db-8493-ad2bc93ee438
84f060a9-f664-4943-b741-688471cf88ef,Frank,Quitzon,2ce17127-622f-4678-9edd-882fae6ce2e9
5ff999ab-2762-4994-8465-fbff4f707493,Willow,Hartmann,26022f2e-cfa7-48d5-8a73-923c110cca20
529d700b-96f3-47b7-a30e-8e07d96f0102,Davon,Considine,0ec423b4-f278-4447-8eca-12e73ec0ab58
b5891d6b-f7f9-4581-8b6f-9fa28f56a999,Quinten,Rempel,515c15bf-fba8-4bf4-90cd-0c98ed98ee10
d7a06bdc-20b8-4ea0-892d-655cdcd4a1fd,Terrence,Ortiz,7ca7afbd-9688-4460-99a3-ad9099ee9e2b
c469fa8c-a1a2-430d-a0f4-9d30d8614834,Diego,Armstrong,a6e74fc0-757f-4b4b-9396-db1938f3b73c
06b65ece-36aa-4388-adc4-1a65dea08755,Kayley,Stiedemann,bce61f6d-ebd5-42e4-8627-a62f07562c34
2c0fa076-e898-4f9d-b5a1-9840be1e5328,Alana,Braun,26022f2e-cfa7-48d5-8a73-923c110cca20
a7617fa0-3f0c-4aff-8aef-301e84109e4d,Matt,Bartell,72725b70-5ba2-4435-9bd8-bbbffecc9389
b67c70ad-25b5-402a-9dab-3bdfffd5d5f0,Jonatan,Smitham,6d4ae42b-801b-464c-a068-0c710b2e5d9e
552532ec-c06e-4385-bc80-9f6d52955a9b,Chester,Bednar,36852f45-14ce-4c8d-a27f-158ca5728814
406a5e52-de1b-4a10-ae32-cefb37993550,Jerald,Stoltenberg,b635ede6-c582-4850-a3d9-5825af931b95
5a68830d-2762-4028-9830-3e5b3b3017ce,Werner,Grant,12176d11-5136-45c6-a0c0-20bf4804fe8f
6d80fffe-4b71-476f-aa5c-0884ef551040,Macy,Hoeger,3b56cb01-7623-4a2d-a9b7-3729dfca3740
0b7f40d1-e2a2-4d3c-a8fb-9aa2b2d492f3,Darrin,Lockman,36852f45-14ce-4c8d-a27f-158ca5728814
1a17575b-4244-4d3a-b974-72954f7ad3f6,Malika,Rath,6d4ae42b-801b-464c-a068-0c710b2e5d9e
65c0fdd8-6144-4447-9f85-bcf9c7e97372,Eldred,Steuber,d00b331e-a480-4181-8a53-2c7ae99b416d
e131f042-21ed-4ef4-988f-f5ee6cc443ad,Jaeden,Balistreri,1deb6d34-1d1a-466d-9387-99dbcadecc49
f4d07c92-f179-41b4-9711-864ea74299c1,Wilson,Moen,44e7c725-51c6-426c-8861-3c4175b03749
1f6b2697-8378-46ac-b6b8-0f1f16332862,Shayna,Hand,b8aebd1a-7605-4223-948e-2e72c691978b
99218107-8951-46f8-a8e4-85fdff8fde34,Carol,Willms,443bdb9d-e4ec-4076-9500-722fe690dd62
11ddfad2-8f99-49fb-b7ab-0577df633b93,Yvette,Jenkins,cbc5007d-ee55-44e4-85ec-32b33822da4e
f2259e48-852e-433f-9b68-87afb8c73bab,Garrett,Kub,a2efbea7-1319-4a78-a4a8-675e95a2d05d
1a9149eb-4161-4e1b-924c-d1015724bbb5,Casper,Gleason,0ec423b4-f278-4447-8eca-12e73ec0ab58
f9381e0f-b2b2-4d97-bbc4-bf318951e7ff,Saige,Wolf,b8aebd1a-7605-4223-948e-2e72c691978b
8dfb0e42-5443-4c54-b3f0-17ee615548a1,Maxine,Carroll,0010eac2-38be-45d4-a8fb-051b1b1a16a9
3deb7df8-1024-4f6b-a96b-7dda6c2a8f64,Kamren,Hodkiewicz,4de093b7-29a7-40e3-9422-f7b67f0c17e7
752876e8-3389-4129-b2b1-15e7834a78e7,Ena,Wehner,1e72d1ee-accc-43f6-a215-81c2394c4e7c
bc3dd4c6-84d4-41ef-b188-9c0bace12855,Jailyn,Runolfsson,443bdb9d-e4ec-4076-9500-722fe690dd62
c98258d5-a5bc-4a69-af11-0e907b404347,Arvel,Sipes,1e72d1ee-accc-43f6-a215-81c2394c4e7c
31830043-84c8-453f-93dc-ced598c03a32,Minnie,Franecki,aafb76ab-4796-4f88-a3d2-6c04e8cb8fe9
7d3c82c8-4dc2-4064-ae4f-58f97ec80b6c,Marian,Wunsch,4de093b7-29a7-40e3-9422-f7b67f0c17e7
94fb9d7a-9738-42ba-a589-a3eba8d720b6,Darrin,Rau,a4c2fe35-2d67-4bba-9349-812b95fe9a09
b53c261e-11e9-41e7-8f79-4ec238604060,Jordi,Rowe,7cef21df-99bf-471e-afd8-aab72256ee2b
2d376d00-5e61-4525-9b8d-72a639db556a,Emerald,Oberbrunner,8f7af8d7-7e31-444f-aa1c-e0ad53a2d8a8
bffc617a-cd01-43ef-9148-7fd1b8907653,Madalyn,Hauck,7a320b68-98bc-421a-839c-9121fde3a798
0f61cb74-0e5e-4e4a-9619-7b57a7d267f7,Angelina,Torp,5e92cec0-1893-4c38-9876-53e0074bb36b
c5442aa4-3885-4d51-98b7-44b598412bbc,Gay,Walker,0010eac2-38be-45d4-a8fb-051b1b1a16a9
e345af7c-df69-4a1c-90dd-df42e9ae3f00,Freda,Beahan,f15f859f-02af-494b-9377-df69a960199b
3a1f4303-1255-43a3-abcb-2756c974f3c3,Vivien,Schiller,919023a2-cace-4ff8-b5ea-49e76bef1823
6aa3eb01-3f92-4fe1-8d7a-1b77d1e48741,Jazmin,Beatty,64f3a0f4-37bc-4843-a39b-963d4d1e30bf
f2da06c9-547a-4849-9a1b-ee924c1b3bdc,Madisyn,Ryan,d9c2d18b-d4f7-4025-8f99-fa632c9cdb3c
e34d6d1c-b2c9-4cc7-b570-82c2dc183252,Ewell,Brown,d4b69cc8-0c4b-4c1e-802d-2204e2b3885e
3eddb025-d916-48d0-b508-d4a05800cb65,Kathleen,Gleichner,05aaf131-f42b-4f1b-a218-4b4e16531964
c7a53eb0-413d-49e6-bcdf-31af70255fce,Vivienne,Murphy,fc6dfb8c-f206-4cfc-9217-b89aa43f80c7
0d03cee9-19c6-49e9-9227-af6c15f40617,Janice,Doyle,4de093b7-29a7-40e3-9422-f7b67f0c17e7
e76666e1-bf5a-4c3d-a56e-3cbc15a48e50,Marcelina,Wilkinson,668331d4-a6dc-40ee-8934-5728be8002e5
60765568-02eb-4ca3-951d-1a678ba53cc4,Magdalena,Heller,7cef21df-99bf-471e-afd8-aab72256ee2b
d22310f3-dca1-44b2-883e-693e8123e874,Delpha,Rodriguez,4bb6f462-9156-425c-a212-1223d414eef4
cd28eeef-739b-4a54-b8e3-4b6fdd703914,Lonny,Moore,043c2c56-39e5-4fb5-a5bc-140411399476
9c38e025-7c95-4c5e-a549-a56c2f9debb2,Destinee,Wolff,8a699765-fba8-4563-9b45-03449f980c3b
0f2756e3-d9d0-4565-9384-5ded647399be,Erich,Brekke,89a1c38e-d86a-4508-9ffa-443cec35fd5a
d120767a-6d25-49ab-b026-1d0804541e09,Enola,Johnson,fc6dfb8c-f206-4cfc-9217-b89aa43f80c7
528f27df-796d-4c49-9bc0-87fe682c8441,Mireille,Adams,a2efbea7-1319-4a78-a4a8-675e95a2d05d
679c4f46-004c-4b25-b2eb-88ba0e2c785e,Joanne,Bailey,dc0b5f29-a935-4a35-8b02-ee9926fe1b00
5e0e1193-20b2-470c-8e9d-e83c4ef94d7f,Preston,Spencer,27882fe3-360b-4c89-99bf-089ff18ab89a
0c099148-14d3-4e83-b382-8753223daf4b,Gustave,Kohler,4de093b7-29a7-40e3-9422-f7b67f0c17e7
e17fbc4b-0c2f-477e-bbd9-0769a02f85a2,Ellie,Grady,b4879ada-a16f-42db-8493-ad2bc93ee438
9f1c9799-f940-45ce-a726-6cda2f6a1e6e,Alexandrea,Yundt,08f98650-3873-4694-898c-9c39a1f34ff4
c989466f-a0ba-4e71-947e-52ec38c55ac8,Alysson,Howell,b4366bda-a324-4527-bd69-8069860e3d71
56c81a0b-6410-44b9-a10d-59f0099a0354,Mckayla,Oberbrunner,86c52214-7fd2-49f6-b14d-212ffc1ef84c
c4396bc8-76a4-42c1-b2db-0e2b49d8ead4,Emmy,Schamberger,443bdb9d-e4ec-4076-9500-722fe690dd62
4c0932b6-6005-4c38-8285-960696d28280,Benton,Goyette,86c08561-20f4-491c-9a55-92cd53eadd58
dd6b9618-e9aa-4ec5-b5e2-f635c1c553a0,Greyson,Wolf,64f3a0f4-37bc-4843-a39b-963d4d1e30bf
b572e39e-64cf-42f5-96e9-0608b11d58ef,Rosalyn,O'Kon,d0cc47a6-e286-4119-b018-5aec129f5386
e7239cd0-4a85-4311-bfc6-6bb8a9c1dfa6,Ayana,Rice,d00b331e-a480-4181-8a53-2c7ae99b416d
d2b58bc8-11e7-4eb6-b394-f6ec2d8512ec,Kole,Kub,b635ede6-c582-4850-a3d9-5825af931b95
5f8c8092-d46e-47fb-aca3-366f965486a4,Ronny,Brakus,407b81d9-5996-41ea-8b22-b129e5b6fa8c
02df6fc5-aafd-4799-b417-3050457cd31d,August,Wolf,357d1c6a-cf51-4edd-b719-e171506d3542
72d3abea-57ea-43ab-8244-3a81db2c50f5,Bonita,Botsford,1e72d1ee-accc-43f6-a215-81c2394c4e7c
5c6bc973-14a8-4a3c-b15b-1ba73b2ed9e8,Philip,Zieme,b4366bda-a324-4527-bd69-8069860e3d71
dabd3317-0b83-4705-8b8e-b670e45e2b0c,Jordane,Kuvalis,a4ee82c8-de04-4a63-b21f-6d801fcebbc4
7950e32f-ccb8-4ac0-87b4-25dfd0364ebd,Hyman,Carter,fc6dfb8c-f206-4cfc-9217-b89aa43f80c7
e9d24fee-1af0-4036-b5bb-9208bbfa093f,Maria,Cassin,7ca7afbd-9688-4460-99a3-ad9099ee9e2b
d63234e0-9a5d-436e-92a6-bf069cce8d88,Leland,Wiza,d00b331e-a480-4181-8a53-2c7ae99b416d
ac818e21-33b4-476e-92c7-bbfbb7e43be7,Jaeden,Block,a01f4ca7-c866-487f-adf0-b7ca62e1e94c
4d526ef5-7db2-4868-a15b-e004ae636b35,Lincoln,Larson,0993a2c1-aed7-4f24-8941-f087875a1452
5134d53d-6ac3-4f80-927f-a2a460e02f41,Sabrina,Walsh,13cebc79-5b6e-4b4d-84e9-925e5e6c2474
ca2d3cb9-673b-468a-b158-c0207e60449f,Destiny,Shanahan,3b56cb01-7623-4a2d-a9b7-3729dfca3740
ebab6dd0-92fe-45ca-83f0-a567ca41132f,Kali,Harvey,08f98650-3873-4694-898c-9c39a1f34ff4
ea56a146-9867-4e4d-aad1-5a5097cc1096,Eloisa,Jones,2ce17127-622f-4678-9edd-882fae6ce2e9
562c62cf-6e5a-4c11-ac34-285a32e658f3,Sam,Yost,a4ee82c8-de04-4a63-b21f-6d801fcebbc4
26602dbe-d8fe-4deb-9593-a980ac69b3a7,Donato,Kunde,64f3a0f4-37bc-4843-a39b-963d4d1e30bf
511eb91a-9f78-4df9-8d06-5a68e0447fff,Graciela,Schmidt,668331d4-a6dc-40ee-8934-5728be8002e5
335d481e-d485-4634-bad1-eed66f898bc8,Jamar,Volkman,68329e43-8667-4196-a988-36ce6d4f692c
ad37754f-b778-4655-8274-d2f278c9df80,Archibald,Spencer,806df860-13d4-4dc1-b977-1c77606f43cc
4860760f-0fbc-433c-8dda-59c45de06cb3,Jaren,Schuppe,bce61f6d-ebd5-42e4-8627-a62f07562c34
df934692-29d4-4936-9827-4b3a501f5445,Myles,Breitenberg,806df860-13d4-4dc1-b977-1c77606f43cc
09c1aa05-3f73-46e1-98dc-0419340c0c47,Cecilia,D'Amore,a9bb487d-0208-48c4-95a0-47569edad1ba
13870d0b-3f01-41df-9b2d-cd499c104347,Dortha,Bashirian,4de093b7-29a7-40e3-9422-f7b67f0c17e7
aa9d556e-0b76-4dbb-888a-acd5d95e8008,Laury,Mann,8545965f-a475-43ce-bcc0-baffd816621c
0c25bcba-f0e8-4472-b587-431dcb2b13d4,Angie,Okuneva,a4c2fe35-2d67-4bba-9349-812b95fe9a09
ccf43892-a3de-4ebd-8c33-716dd8323899,Ludwig,Stamm,b635ede6-c582-4850-a3d9-5825af931b95
e3db447a-f159-421d-95ca-1d9570f3a606,Mohamed,Gleason,5249ded5-d44b-488e-9838-367e4a2b67a8
a8ef1f3c-fbee-4639-bebf-a50d0ae32831,Adah,Terry,d9c2d18b-d4f7-4025-8f99-fa632c9cdb3c
88dc47df-1b64-4be6-913e-adc413e43a2e,Lue,Schmitt,0010eac2-38be-45d4-a8fb-051b1b1a16a9
bd4c06ce-cb27-410a-adf6-d9265cda9698,Shyanne,Bogisich,8a699765-fba8-4563-9b45-03449f980c3b
292b06fa-e750-45e4-aab6-305083577dc8,Hermina,West,2ce17127-622f-4678-9edd-882fae6ce2e9
376dd89d-2e41-4188-a91e-ab11b3f38604,Jarrett,Halvorson,53bbb617-7eb3-4316-8cea-bfb436c64d77
52eb56e5-e6ef-44ac-b98c-844369fe0787,Hailie,Tillman,1deb6d34-1d1a-466d-9387-99dbcadecc49
c362ff5b-935d-481b-83bc-41d697551faf,Heber,Abshire,b4879ada-a16f-42db-8493-ad2bc93ee438
cf83ab0b-6d7d-4865-8c4b-b874e51dbf46,Fleta,Hickle,443bdb9d-e4ec-4076-9500-722fe690dd62
e96996ad-a4fd-447e-aeef-b769e4812e7f,Adelia,Little,12176d11-5136-45c6-a0c0-20bf4804fe8f
39439c78-7144-4dd7-a8a8-86e1c1c530e6,Brody,Ferry,b4879ada-a16f-42db-8493-ad2bc93ee438
a840842b-bb73-4e69-997c-696644b3cf6a,Makayla,Homenick,7dd8ad51-a9de-4f0a-8d5d-4f70192af4c6
d85e3c31-b052-4c25-aa77-30c8f34e036e,Tabitha,Spinka,4dbbe99e-7b1c-4ef0-a3b5-9cb6d1556ef7
7920fe39-8f5b-4243-ac30-f0397ea3e2e0,Gracie,Stark,bbd85afc-47ad-47f0-89ec-ec8d609ad5d6
fecc150a-2a96-4756-bb68-9e73b9b32975,Nikolas,Senger,8545965f-a475-43ce-bcc0-baffd816621c
f46e777c-8915-49be-ae9e-545e95544136,Jules,Koch,4bb6f462-9156-425c-a212-1223d414eef4
fcc411e8-2bc9-4f9d-a42d-f43847dcc2a7,Jaeden,Howell,185f6d1a-a0c5-4476-9739-4bf463e8b3b6
c86b37af-26c1-4282-a0ce-374e4164352e,Isaiah,Goyette,6a64a9b6-5d90-46a1-8f08-db26b9ba3211
6806ca6b-7308-452c-a217-41f76b0cb0ff,Kristoffer,Mante,b4366bda-a324-4527-bd69-8069860e3d71
aefa79b9-47f5-4bb5-8dc6-898c921899b5,Minnie,Fay,7a320b68-98bc-421a-839c-9121fde3a798
81c29e3c-99b6-4518-9f8c-c2affc086be3,Jensen,Farrell,4dbbe99e-7b1c-4ef0-a3b5-9cb6d1556ef7
9c830965-dd84-4814-8761-da81d2f1cd67,Eloy,Hamill,bce61f6d-ebd5-42e4-8627-a62f07562c34
54d780f5-0c8a-498d-b740-d7fb754c556c,Abel,Carroll,0010eac2-38be-45d4-a8fb-051b1b1a16a9
8379016f-5d24-46bf-86e5-1c4ef2ada531,Finn,Walter,8545965f-a475-43ce-bcc0-baffd816621c
739a6849-346c-49e7-bb4d-19de5a362ee1,Lavern,Daniel,806df860-13d4-4dc1-b977-1c77606f43cc
d05b6454-418b-4c99-88c4-f0acc04cb6c3,Gerry,Kuhn,4dbbe99e-7b1c-4ef0-a3b5-9cb6d1556ef7
61d2b01c-32e0-43be-b500-a424c221e68d,Ewald,Fisher,ec1166af-2a7a-4b46-b9a4-047a54a04877
86814214-440c-4d12-bb8c-6796aafc5b6e,Claire,Gorczany,a01f4ca7-c866-487f-adf0-b7ca62e1e94c
568bda83-ccb7-4ef3-9556-f88304eb92f4,Reva,Bartoletti,0ec423b4-f278-4447-8eca-12e73ec0ab58
932df953-12d4-4fed-896c-061b6a26cd1d,Laurine,Bogisich,0f828e19-3619-4bd5-8b17-789eacd9f073
0e88ab7b-5669-4295-bf6b-6a90ae1d6912,Claude,Ziemann,7dd8ad51-a9de-4f0a-8d5d-4f70192af4c6
40afc0ff-c996-49e8-a42c-38066aa410f7,Clay,Anderson,b8aebd1a-7605-4223-948e-2e72c691978b
c1fd1dd2-bcac-4045-a9f7-dd444f928151,Kailey,Kautzer,85ca329f-c85b-40fd-9a13-b62f2487d9d2
d770a1bc-9560-46f3-9d78-f7fefb7a6d92,Wilbert,Anderson,68d81d6d-6dde-47b9-9f79-4e04b3ba6086
5f683dcf-2acb-4451-be9c-f2958b045427,Myrtis,Jaskolski,a2efbea7-1319-4a78-a4a8-675e95a2d05d
185879b2-a336-43a8-bfba-56480d1fa082,Syble,Johns,7ca7afbd-9688-4460-99a3-ad9099ee9e2b
c8379ded-8dd7-46c6-8c58-4ee938c4bdc9,Kaelyn,Wiegand,173c5cd1-1850-40cb-b342-941deb58cf07
5b773b11-50f9-4cf3-95dc-a901cea93ce5,Candida,Schmeler,173c5cd1-1850-40cb-b342-941deb58cf07
81e95d98-7b8d-4c58-a95f-db0529f04426,Roxane,Bergnaum,6a64a9b6-5d90-46a1-8f08-db26b9ba3211
68634db9-9456-4791-9779-00993641c757,Griffin,McCullough,8a699765-fba8-4563-9b45-03449f980c3b
2666961f-aa8a-4b1d-b3bf-31eda2ebee07,Abelardo,Wolf,b7a01113-cb95-4c71-b5e4-34f96eaa2c18
44aa37d4-9923-46ad-a8d9-ceacef4fb72e,Emelie,Lind,0f828e19-3619-4bd5-8b17-789eacd9f073
6fc5a43d-f5ef-49cd-b392-3d7a9b7226d9,Keven,Runolfsson,02a22559-38d1-47fa-96ac-dd558dfe2b90
f007a20b-af49-42d3-961c-dc00dd27e038,D'angelo,Kris,0010eac2-38be-45d4-a8fb-051b1b1a16a9
2c21729a-5651-4812-8b76-61f6cc5fba84,Belle,Larson,dc0b5f29-a935-4a35-8b02-ee9926fe1b00
a87aab7c-6e76-4013-92eb-dc8985edf7f0,Eldon,O'Connell,51e6c090-d503-4e05-be8a-6cb0cf92c71c
385642e5-d062-4f32-9831-6200cc954d63,Cecile,Baumbach,6d4ae42b-801b-464c-a068-0c710b2e5d9e
3d7f1ec4-f59e-4118-938b-49c2bdb8ee74,Augusta,Baumbach,1de30808-ade4-4f5f-86a8-d4fdd57165f9
38dfee4e-e535-4076-8555-d467796498c7,Austin,Kshlerin,0f828e19-3619-4bd5-8b17-789eacd9f073
1cb678f0-b497-4fb0-8872-fed317033775,Addie,Strosin,286aa3e8-d56a-4e26-8974-13c40f8132a9
2cb234c2-e16f-47dd-af42-6d8e1c2bbedd,Emmanuelle,Gusikowski,4873d81e-3026-4c70-a6b5-3ae760ca7b46
cd2d87af-dbbd-4a7a-99af-d2b3617ed6fe,Colleen,Littel,5e92cec0-1893-4c38-9876-53e0074bb36b
381159b0-5de6-4869-b0ff-91899f6b297c,Buford,Mraz,8545965f-a475-43ce-bcc0-baffd816621c
77265626-d425-4b47-b7f2-5d081fc396a6,Jimmie,Turner,d0cc47a6-e286-4119-b018-5aec129f5386
261d297a-0fb3-444c-abec-7c287996885e,Kelly,Mann,b7a01113-cb95-4c71-b5e4-34f96eaa2c18
f77b1fb2-e841-4683-900c-b895133a3042,Allan,Bartoletti,68329e43-8667-4196-a988-36ce6d4f692c
782ffe97-9079-455c-98d9-44236d8ac1be,Marcelino,Torphy,668331d4-a6dc-40ee-8934-5728be8002e5
b3bbf487-5093-492e-8194-8a8217557ca1,Candice,Hettinger,12176d11-5136-45c6-a0c0-20bf4804fe8f
d497d9b3-9913-425f-b161-d7abf07b9f0c,Kaela,Howell,b3119b65-0115-4e0d-8927-ba40ac4b83be
b0740b12-ee2f-4523-9a43-7fec080e3f16,Raphaelle,Windler,d00b331e-a480-4181-8a53-2c7ae99b416d
913101b0-167b-4180-9b15-60cc8f9f1b7f,Maxine,Rempel,0ec423b4-f278-4447-8eca-12e73ec0ab58
fba39f3d-7ab2-4f32-ba8f-a5c69619615a,Hertha,Ullrich,02a22559-38d1-47fa-96ac-dd558dfe2b90
edb4f25d-ba41-4054-8584-f3b6f78b707f,Alfreda,White,7cef21df-99bf-471e-afd8-aab72256ee2b
db0c8b29-8be3-4c93-aadd-e3eea880dee4,General,Waelchi,7196c9d0-3353-4955-a7fc-f433bb85ddf8
dc7f5824-470a-4ebc-8c44-a96b3be9f66c,Bart,Bradtke,a6e74fc0-757f-4b4b-9396-db1938f3b73c
542ca376-1025-4485-bdcf-a4ea12d8f7a0,Erika,Klocko,cbc5007d-ee55-44e4-85ec-32b33822da4e
6a1c5593-2e89-4c98-9667-92ea876897b1,Rebeca,Wisoky,d0cc47a6-e286-4119-b018-5aec129f5386
c04324a1-9e7f-4ee1-be8e-5d8158161a5b,Haleigh,Mueller,68d81d6d-6dde-47b9-9f79-4e04b3ba6086
05da7552-1f6d-4c89-8413-852af525add5,Meredith,Murray,ec1166af-2a7a-4b46-b9a4-047a54a04877
a1b46f4e-fa47-470d-a0e3-0f651398e490,Dixie,Dicki,185f6d1a-a0c5-4476-9739-4bf463e8b3b6
9fb177f0-83eb-4ed0-b4ab-6ad10e27167e,Bernadine,Stroman,8a699765-fba8-4563-9b45-03449f980c3b
c31639ed-a41f-4ab4-80b1-26972a4291f5,Briana,Hammes,53bbb617-7eb3-4316-8cea-bfb436c64d77
6a54321e-101c-425f-942e-1e5d231abc0e,Vernon,Bruen,86c52214-7fd2-49f6-b14d-212ffc1ef84c
416fb15a-7915-4129-b585-f08f2962dbb1,Blaze,Wolf,89a1c38e-d86a-4508-9ffa-443cec35fd5a
2008469b-005f-4294-8326-74b8de9ed2ad,Margret,Hane,7ca7afbd-9688-4460-99a3-ad9099ee9e2b
dd3cd6fb-5f28-492e-a668-6323a1c37850,Ima,Corwin,2ce17127-622f-4678-9edd-882fae6ce2e9
0f9df0ff-dd6b-4b4c-a02e-804a0aa69fd5,Treva,Cummerata,6aef9c65-200f-49b2-b38f-bbc40f465a81
156a2941-fa6c-4774-b63c-45065493e0bf,Virginia,Grady,36852f45-14ce-4c8d-a27f-158ca5728814
82342557-4ee8-47fd-a0c6-a122746b964c,Evan,Marks,7ca7afbd-9688-4460-99a3-ad9099ee9e2b
a8d7833d-d168-423c-9490-636a966e5746,Emily,Keebler,99f88e6a-af66-4ab9-86da-90ae1e2fa093
ee104099-a224-4a38-b6a9-dd07f4094112,Emily,Ferry,a6e74fc0-757f-4b4b-9396-db1938f3b73c
0a94e454-9323-488c-961b-99a4b6693099,Crawford,Feil,a9bb487d-0208-48c4-95a0-47569edad1ba
de08bc15-7b0e-48a3-906c-4330711b5851,Tom,Vandervort,64f3a0f4-37bc-4843-a39b-963d4d1e30bf
0cfce898-ea00-4279-9ceb-2044922eb83b,Gideon,Kuphal,05aaf131-f42b-4f1b-a218-4b4e16531964
54c06ab9-c9d9-42bb-8d04-d35354cc9311,Juvenal,Donnelly,e3927a39-6af0-4378-92a3-a29c72d51c52
f94083c4-0192-4253-880f-c306c258d357,Eryn,Wyman,bce61f6d-ebd5-42e4-8627-a62f07562c34
bebb7df5-05be-4ee6-b2dc-a111c3efcaab,Roscoe,Mitchell,043c2c56-39e5-4fb5-a5bc-140411399476
931fb21e-27fe-43a1-9625-75de0bc76867,Octavia,Okuneva,561eab3f-408a-4f8f-beb3-77b4d1cc73eb
b8c9b693-6b41-4f09-b569-5f756f93a1a9,Dorris,Jacobi,cbc5007d-ee55-44e4-85ec-32b33822da4e
6951180b-6d10-4a46-a93e-2d8855b05c2c,Asia,Runte,6aef9c65-200f-49b2-b38f-bbc40f465a81
06b3bbd3-8169-4c4a-b3c8-7769b390437d,Korbin,Bahringer,d9c2d18b-d4f7-4025-8f99-fa632c9cdb3c
6e69f965-f2fd-4672-9948-580a28adae75,Adrianna,Mayer,0010eac2-38be-45d4-a8fb-051b1b1a16a9
4152c24a-c2ae-4227-80e6-6bdf7b3c237a,Carlotta,Nolan,286aa3e8-d56a-4e26-8974-13c40f8132a9
2d87dd7c-0b8b-4405-a935-9db4fb5a5272,Lula,Grady,51d98163-4e25-420d-b530-fcf9b84e583e
ee725fa0-7865-4eea-9f9d-8936dd4c12fb,Kiel,Cartwright,0ec423b4-f278-4447-8eca-12e73ec0ab58
e8d0a3be-0c3d-467f-93a2-67d6aba0db9b,Johnpaul,Mertz,72725b70-5ba2-4435-9bd8-bbbffecc9389
ad1d45b8-4b7e-4cab-bb67-2cb8de6f6ccb,Westley,Brakus,b9c6001b-624f-4d48-afa5-02cf6ec9224e
e8f90bb0-584f-4e22-8cae-d47ee5ae8181,Maritza,Stark,86c52214-7fd2-49f6-b14d-212ffc1ef84c
d846a29b-0421-4924-82e2-19e34ef20bf5,Elisa,Haley,b7a01113-cb95-4c71-b5e4-34f96eaa2c18
a05360ff-08c6-4abb-b225-b130e7a1a865,Edmond,Hagenes,6d4ae42b-801b-464c-a068-0c710b2e5d9e
2c33d889-0f13-48e6-a841-0c147f60f531,Jerrod,Marquardt,ec1166af-2a7a-4b46-b9a4-047a54a04877
563a6421-d175-4b45-93df-725ef5d5fc02,Trycia,Cummerata,b7a01113-cb95-4c71-b5e4-34f96eaa2c18
048a9fe5-fab5-40f9-8e4e-8eac25f55f13,Denis,Hansen,dc0b5f29-a935-4a35-8b02-ee9926fe1b00
1b2836bb-85b7-4247-b415-85f72c4234a2,Henderson,Hauck,4bb6f462-9156-425c-a212-1223d414eef4
1220729d-5d5a-41bd-a0e3-cc2d868bdf98,Virginia,Marks,222a0c52-efd7-4a04-9904-6cfef3f8ffcf
80ca5c0e-3950-487a-adaa-163d52e72022,Lura,Hilpert,7a320b68-98bc-421a-839c-9121fde3a798
111a0b90-b7bf-4684-a64e-4ba76fd95f65,Rebecca,Mante,8545965f-a475-43ce-bcc0-baffd816621c
c76c38cb-d41f-4b95-8cc4-efb4daee638f,Sunny,Nicolas,7a320b68-98bc-421a-839c-9121fde3a798
13f9879a-38aa-4234-8ab3-a3f6de75f43d,Stuart,Ernser,b3119b65-0115-4e0d-8927-ba40ac4b83be
356d82de-7f0e-40c6-bc95-aab0c66b6104,Rose,Smitham,ea6dc88f-b999-4050-b275-9e92f8c733ea
b8c26764-7fda-484e-aad6-2ea80c5e7553,Ayden,Miller,72725b70-5ba2-4435-9bd8-bbbffecc9389
b02b2eea-97ed-4d3a-ae94-733bafc43f3c,Chesley,Braun,4de093b7-29a7-40e3-9422-f7b67f0c17e7
dc8838d7-6367-4e19-8e3a-567e20c32dc0,Ardella,Moore,d9c2d18b-d4f7-4025-8f99-fa632c9cdb3c
7411c682-1872-4021-82d4-2ea44d8d014e,Verda,Funk,806df860-13d4-4dc1-b977-1c77606f43cc
61ab84b0-0041-4626-af51-e4773bbf30c1,Sally,Hayes,d00b331e-a480-4181-8a53-2c7ae99b416d
e50444dc-e165-42fc-a888-0d1f95d3f93c,Ashtyn,Kovacek,561eab3f-408a-4f8f-beb3-77b4d1cc73eb
cdce41f6-5555-4c4a-ae33-b45d643c36e0,Danial,Bogisich,222a0c52-efd7-4a04-9904-6cfef3f8ffcf
793d1331-1947-4fa3-8efc-28aab4275165,Stanton,Gottlieb,68329e43-8667-4196-a988-36ce6d4f692c
0c8e1ec0-f015-4d15-bb37-ee3245d7ef25,Logan,Bednar,36852f45-14ce-4c8d-a27f-158ca5728814
789020d3-0af3-4fea-b25d-437e0a10aa62,Gail,Hayes,85ca329f-c85b-40fd-9a13-b62f2487d9d2
8f8ca38c-a3a2-496b-90b7-98fe8196d726,Rene,Olson,05aaf131-f42b-4f1b-a218-4b4e16531964
ee3a68c6-6ab4-438f-a4b1-40faabab90b5,Kyleigh,Wilkinson,8a699765-fba8-4563-9b45-03449f980c3b
e3d61b36-981c-4fd7-87b6-e613da7dbfef,Malika,Wiza,ac518176-f76d-4144-8b14-78a25bbe0eff
016bb5f9-0829-42af-aa3f-e53d18de1e8a,Kenton,Nitzsche,7ed8c3a0-0ec9-41fe-bdae-705b18fb17fb
1d4d25e0-f3e6-4d1e-a5f3-6e63c9230551,Orville,Mayer,d00b331e-a480-4181-8a53-2c7ae99b416d
a89c0f15-87da-45ac-abbf-db2297f827a2,Jarrod,Greenholt,86c52214-7fd2-49f6-b14d-212ffc1ef84c
4def7695-2b05-4eaf-ad8d-c54d980dd3b2,Ford,Gutmann,bce61f6d-ebd5-42e4-8627-a62f07562c34
30a5a12f-3a81-492c-a511-fa8cb1fa57dd,Hiram,Nader,89cd69d2-03a7-41b8-8a0a-4f363f728c9b
279b9049-3767-4d85-8fc4-1bee9a32cc0e,Albin,Leuschke,ea6dc88f-b999-4050-b275-9e92f8c733ea
64167127-c308-44d8-93da-4cf38fc8d120,Catharine,Nolan,7ed8c3a0-0ec9-41fe-bdae-705b18fb17fb
e5a3cf95-8a30-4b4c-8c5c-c603f6517b7e,Trey,Berge,8a699765-fba8-4563-9b45-03449f980c3b
a9a99a8a-d745-431a-ae0a-e6953caa790e,Kaela,Streich,6aef9c65-200f-49b2-b38f-bbc40f465a81
4e0e4fe5-7296-4b7c-811b-319f8bcb6243,Garry,Hilpert,a01f4ca7-c866-487f-adf0-b7ca62e1e94c
b9b2f5e9-2faa-4c48-b3a2-64e9106982d4,Meggie,Denesik,7cef21df-99bf-471e-afd8-aab72256ee2b
2e01faf4-1f32-4fdf-86b1-674f68429bbd,Mariah,Moore,f15f859f-02af-494b-9377-df69a960199b
adb2450b-abc6-4f44-b473-d9513eddd68f,Else,Boyer,72725b70-5ba2-4435-9bd8-bbbffecc9389
2a2cdd78-51d7-43de-ba25-5f78471a4639,Jack,Renner,e45f06f2-b494-49af-b2a3-e5c66a508f6b
6767e272-5311-41f1-b660-3d7f1419ebb8,Cruz,Keebler,a67d38e4-8625-4a00-811c-c2c1e9a88a9e
5a5b5611-adbf-4f02-8af7-7d0a9d7cbb4a,Maeve,Feil,51d98163-4e25-420d-b530-fcf9b84e583e
f06eee0b-fa77-4a61-853d-f087ed112e22,Manuel,Flatley,64f3a0f4-37bc-4843-a39b-963d4d1e30bf
3c20a278-cdbc-47bd-b381-7819bfc2ff59,Clara,Schmitt,68d81d6d-6dde-47b9-9f79-4e04b3ba6086
545d5379-5b6c-435e-a9f1-4c9a0a09fb85,Kenny,Hintz,4873d81e-3026-4c70-a6b5-3ae760ca7b46
f3abd8bf-c2e7-40f1-9b95-431d97f50341,Neoma,Pollich,043c2c56-39e5-4fb5-a5bc-140411399476
48d9c70a-a57e-482b-8b49-95d171863b30,Macy,West,7ed8c3a0-0ec9-41fe-bdae-705b18fb17fb
60f5be1b-60ce-4e99-a902-8dd4a936ae57,Lambert,Mante,ea6dc88f-b999-4050-b275-9e92f8c733ea
74c6e17a-dc50-4725-a279-df308eaa7078,Deborah,Bashirian,27882fe3-360b-4c89-99bf-089ff18ab89a
a8d3df00-0023-4cd9-a5af-76c37fa8cb80,Pete,Schneider,7cef21df-99bf-471e-afd8-aab72256ee2b
f153de29-288d-4555-92ab-21d30143f7ca,Kory,Prohaska,5e92cec0-1893-4c38-9876-53e0074bb36b
3221e1d3-ea2c-4b48-add3-612ce7daac8a,Paolo,Wintheiser,0f828e19-3619-4bd5-8b17-789eacd9f073
b61866e4-469a-4e27-b462-1c8d0aa9ec3b,Aylin,Leffler,3564934c-35e7-4f38-90b2-87a75e65759f
bbf81ae1-6269-4580-9721-c46cece0fc0f,Janelle,Runte,222a0c52-efd7-4a04-9904-6cfef3f8ffcf
f02e7795-734b-476e-a7ef-db89fa415df1,Gina,Sipes,89cd69d2-03a7-41b8-8a0a-4f363f728c9b
82d14146-4ec9-411d-b29a-d008adc9fb54,Abdullah,Padberg,7ca7afbd-9688-4460-99a3-ad9099ee9e2b
ca2066b0-70dc-4930-9d4e-e1a6a2e84acd,Brandi,Collier,6aef9c65-200f-49b2-b38f-bbc40f465a81
b49aa4b0-a303-44e3-ab00-db6fe35a5e40,Tiara,Bailey,5e92cec0-1893-4c38-9876-53e0074bb36b
8d719f40-0599-4917-8a0b-cb28899f5028,Aliya,Lehner,b3119b65-0115-4e0d-8927-ba40ac4b83be
b7b50da7-97b7-4555-9099-3468b98c8cd3,Dessie,Oberbrunner,7dd8ad51-a9de-4f0a-8d5d-4f70192af4c6
af6d2b6b-89d7-4d4e-81f6-4ecf2b5c80b3,Gloria,Spencer,85ca329f-c85b-40fd-9a13-b62f2487d9d2
5975270c-fc14-4875-84e5-db3d24a24489,Dante,Dietrich,443bdb9d-e4ec-4076-9500-722fe690dd62
0bb2b530-bd1e-4825-9444-afaeaf1b7df9,Elinor,Jenkins,a9bb487d-0208-48c4-95a0-47569edad1ba
54e591df-79b2-49f9-9706-ee34f0f42761,Nella,Nikolaus,51d98163-4e25-420d-b530-fcf9b84e583e
784c0696-b82b-47b8-91be-c57c2c00255f,Lulu,Bauch,aafb76ab-4796-4f88-a3d2-6c04e8cb8fe9
4f8eb9ee-665a-4c8a-84d7-540f5f09a06a,Chadrick,Schneider,85ca329f-c85b-40fd-9a13-b62f2487d9d2
3920be5a-1d7a-426a-b3d8-083830724d30,Otto,Mertz,1de30808-ade4-4f5f-86a8-d4fdd57165f9
7359d35d-4f7a-4547-b5fc-5e18d326b830,Brendan,Mohr,b9c6001b-624f-4d48-afa5-02cf6ec9224e
0ed6814d-bca7-4b03-bd76-48dc555cdfc6,Rowena,Kub,44e7c725-51c6-426c-8861-3c4175b03749
47a0693d-1665-4888-918b-37b4d3b9278c,Roxane,Romaguera,7a320b68-98bc-421a-839c-9121fde3a798
ed6cdc25-001e-4e5a-a59c-d1052a4db044,Joe,Ondricka,4de093b7-29a7-40e3-9422-f7b67f0c17e7
45686f4d-09e8-4f52-af49-9e203b4e3b08,Sharon,Bruen,515c15bf-fba8-4bf4-90cd-0c98ed98ee10
bddd4702-67e5-46c8-bac4-15af8386d79b,Hermann,Weissnat,79f99032-59f5-4c59-af1e-8d87ccf180ae
3e35dc85-2961-4459-8a83-794ae5cae5c9,Sydnie,Stiedemann,3564934c-35e7-4f38-90b2-87a75e65759f
3ecba01f-1ff8-4d9d-8a4a-12e5d78c3a71,Mariana,Hegmann,bce61f6d-ebd5-42e4-8627-a62f07562c34
52b215b6-190a-4bc7-8343-2ae79731c7b9,Kieran,Renner,d4b69cc8-0c4b-4c1e-802d-2204e2b3885e
3b95f84d-8b68-4dbe-9442-c65cb72157fb,Mya,Sipes,85ca329f-c85b-40fd-9a13-b62f2487d9d2
73fc4a1f-7997-46bc-a860-a3354baa8ddc,Bruce,Spinka,6aef9c65-200f-49b2-b38f-bbc40f465a81
9a759248-42db-4258-899a-59f2eb6457a1,Jarrell,Brekke,86c08561-20f4-491c-9a55-92cd53eadd58
eed66613-c69c-491b-8ec4-f16ebb219af5,Kara,VonRueden,ac518176-f76d-4144-8b14-78a25bbe0eff
21f1968c-34c9-4732-aad4-580a42741b54,Liliane,VonRueden,a01f4ca7-c866-487f-adf0-b7ca62e1e94c
7bf8587e-767a-4d2b-9fc0-804ea9e2eb92,Laverna,Orn,89cd69d2-03a7-41b8-8a0a-4f363f728c9b
38268032-cda4-433a-aa76-7b88f590d6ed,Gregorio,Reynolds,d0cc47a6-e286-4119-b018-5aec129f5386
730d9829-df7b-4237-a15a-fba9012738e9,Walter,Nienow,68d81d6d-6dde-47b9-9f79-4e04b3ba6086
ecafe906-01d9-409f-a5c8-c9c3ac03d4a0,Matt,Tillman,85ca329f-c85b-40fd-9a13-b62f2487d9d2
02bccc0d-d365-44c2-8b4f-e498f4e55acd,Daphnee,Raynor,3e4ead6d-27cc-428f-ae68-4bdb4c6387e0
16b5959e-af35-41ec-9fbc-8842daf9d777,Liza,Gutkowski,ec1166af-2a7a-4b46-b9a4-047a54a04877
f96a85d0-1f47-427d-b500-6f9922c98a37,Corrine,Doyle,0993a2c1-aed7-4f24-8941-f087875a1452
5f9c504d-faf5-4fbc-9658-126a7ccc8c3d,Sam,White,a6e74fc0-757f-4b4b-9396-db1938f3b73c
b7d6c135-65fd-415a-a393-acbb0aaaa9e5,Milford,Schroeder,85ca329f-c85b-40fd-9a13-b62f2487d9d2
4137341e-c028-436e-aef6-02fac6187f6e,Madalyn,Collins,043c2c56-39e5-4fb5-a5bc-140411399476
d23a918e-5f1e-485a-ac36-adeb8152c2ba,Sophia,Koch,68d81d6d-6dde-47b9-9f79-4e04b3ba6086
398ddad9-50fd-48f4-8aca-67c0f723c6a4,Desiree,Hegmann,a4ee82c8-de04-4a63-b21f-6d801fcebbc4
78990d07-d41a-485b-8a96-5af7597b9365,Wyman,O'Reilly,03558aa8-2bbe-465c-a2de-f8b3ddf19fcf
b624a01f-0213-43b7-bea1-3ce80351d762,Max,Reinger,0f828e19-3619-4bd5-8b17-789eacd9f073
e56005ce-f144-45ed-8282-6be95c0d101f,Sandra,Reichel,03558aa8-2bbe-465c-a2de-f8b3ddf19fcf
467a5997-64b0-4630-8cbb-2b4364302f89,Floyd,Kerluke,3e4ead6d-27cc-428f-ae68-4bdb4c6387e0
0ff08df5-e583-4a5f-b695-1b5623dcfe89,Bonnie,Lemke,d4b69cc8-0c4b-4c1e-802d-2204e2b3885e
cbc2ba90-f3c4-4af4-abca-7b5778b8c207,Chesley,Parisian,fc6dfb8c-f206-4cfc-9217-b89aa43f80c7
f9b968e8-636b-4e21-8920-569a76f4cefd,Nicholas,Kozey,44e7c725-51c6-426c-8861-3c4175b03749
39e8881b-7d83-4dfb-a228-e0f87b858384,Laverne,Lebsack,79f99032-59f5-4c59-af1e-8d87ccf180ae
721f298c-68aa-4061-a075-6594121868bd,Della,Haag,13cebc79-5b6e-4b4d-84e9-925e5e6c2474
6e82131c-986a-463b-addd-ae0979f07a1d,Ottis,Jerde,561eab3f-408a-4f8f-beb3-77b4d1cc73eb
690ad3e7-0ca2-40b2-95d1-5f9672a2e223,Doug,Cummings,36852f45-14ce-4c8d-a27f-158ca5728814
d1d292c3-d366-4f40-ab4f-9eeb3d2e071b,Preston,Sauer,79f99032-59f5-4c59-af1e-8d87ccf180ae
18e00bc0-5148-47a8-acf5-2ea98c1df0a9,Rolando,Heathcote,443bdb9d-e4ec-4076-9500-722fe690dd62
219ab555-fab0-4d80-a0ad-45a630ed471f,Milford,Stiedemann,f15f859f-02af-494b-9377-df69a960199b
c86a34db-418c-4e11-b639-171db6f26d01,Stuart,Runolfsson,05aaf131-f42b-4f1b-a218-4b4e16531964
40cc186f-68ea-4d11-9b30-48a8296a4671,Pablo,Ondricka,99f88e6a-af66-4ab9-86da-90ae1e2fa093
19f029ee-e0fa-4443-a58e-18fd9eaf256f,Jayce,Harvey,6d4ae42b-801b-464c-a068-0c710b2e5d9e
580bb4af-c087-4906-9de8-8a5678c26b4b,Melody,Fadel,68329e43-8667-4196-a988-36ce6d4f692c
8f3a45f6-39d6-4a1b-98f4-bc0f8ad31e53,Cyril,Reichert,aafb76ab-4796-4f88-a3d2-6c04e8cb8fe9
739a6000-01b0-4cc3-959f-3a02a7de01e2,Kyla,Rempel,3b56cb01-7623-4a2d-a9b7-3729dfca3740
1dc6095b-141f-41a2-a51d-ee321fda1897,Rosendo,Wilderman,6d4ae42b-801b-464c-a068-0c710b2e5d9e
3861121f-c3d6-437f-b8d4-20107d8b6bdd,Elizabeth,Schoen,72725b70-5ba2-4435-9bd8-bbbffecc9389
f1b4af51-b904-46c3-9751-6818b211fa4d,Randy,Willms,8f7af8d7-7e31-444f-aa1c-e0ad53a2d8a8
f6a5659e-2e43-4d8b-a60e-c991da7c86e8,Sanford,Goyette,357d1c6a-cf51-4edd-b719-e171506d3542
4494fac0-df13-4674-8038-5d72056dab28,Scot,Luettgen,7d1b71b3-36f1-419a-ba70-060815a8ae74
cd31b340-71c6-47bc-9dba-ca766c34c513,Erna,Botsford,b635ede6-c582-4850-a3d9-5825af931b95
c1b5b2b7-73e7-456c-bc4f-e61f2fc622a2,Eleonore,Smitham,45f4c656-851c-445e-814a-9171a5160dc0
452bfd3a-f825-4f70-af8d-3c108333f6f9,Herta,Gutkowski,ec1166af-2a7a-4b46-b9a4-047a54a04877
d84dc8bb-8f54-4d56-9e75-88ed98ed4533,Harrison,Sipes,64f3a0f4-37bc-4843-a39b-963d4d1e30bf
85dbcc41-58ef-4d85-aca9-3b8649eb67d3,Kailyn,Okuneva,a67d38e4-8625-4a00-811c-c2c1e9a88a9e
9383636e-ea85-4a54-b7ac-c38b74c7a581,Karley,Sanford,a67d38e4-8625-4a00-811c-c2c1e9a88a9e
cb3ba43f-0a58-44e5-bb2b-1c391ecfed3b,Modesto,Mayer,b9c6001b-624f-4d48-afa5-02cf6ec9224e
9823e122-45b1-40fa-bc71-dfff1d1c5fd7,Destin,Sawayn,99f88e6a-af66-4ab9-86da-90ae1e2fa093
23957f85-d6be-41f2-8b03-9eaad16e155e,Stephen,Hackett,05aaf131-f42b-4f1b-a218-4b4e16531964
abf1c715-89ce-4f66-bcf7-b3ab816093bb,Kassandra,Kuhn,806df860-13d4-4dc1-b977-1c77606f43cc
efb064c0-6564-4866-9ab6-ae5bb89a5edd,Laverna,Bechtelar,ec1166af-2a7a-4b46-b9a4-047a54a04877
eb004df8-5b82-42b9-9742-9ff0917486bb,Claudia,Weissnat,99f88e6a-af66-4ab9-86da-90ae1e2fa093
06fd0e39-a9cd-4e80-a6d6-b01c3aeea870,Vernice,Brown,45f4c656-851c-445e-814a-9171a5160dc0
daa27fb5-1027-447d-bdc1-81addd9099ab,Jedediah,Hudson,0f828e19-3619-4bd5-8b17-789eacd9f073
552317f8-5940-4bfe-a689-dad8ae49e1dc,Kendall,Vandervort,89a1c38e-d86a-4508-9ffa-443cec35fd5a
169d1cc4-a2ea-4637-afca-aeb9f83c034c,Cassie,Ullrich,ac518176-f76d-4144-8b14-78a25bbe0eff
709fae16-7b12-410c-97b4-e51d7ef0683d,Leopoldo,Davis,08f98650-3873-4694-898c-9c39a1f34ff4
d728dc9b-3d62-47af-8c39-7cf5054fd5fa,Dayna,Beer,a4ee82c8-de04-4a63-b21f-6d801fcebbc4
bac7c923-ef15-4999-8072-e2e6220a79fc,Orlo,Altenwerth,aafb76ab-4796-4f88-a3d2-6c04e8cb8fe9
0d50d8bd-d692-4497-b048-d02325402728,Florian,Collins,7196c9d0-3353-4955-a7fc-f433bb85ddf8
99d63bc9-7b72-497a-a6fd-14fe46501a4a,Mathias,Marvin,b4879ada-a16f-42db-8493-ad2bc93ee438
5045b049-a9e6-43cd-a097-66956d8adeec,Marshall,Willms,b4879ada-a16f-42db-8493-ad2bc93ee438
ac48111b-636f-40c6-b501-078113d34f21,Deborah,Cartwright,b4879ada-a16f-42db-8493-ad2bc93ee438
f325ee3a-23f6-4b34-84ed-a54883305666,Delphine,King,2ce17127-622f-4678-9edd-882fae6ce2e9
79494460-2c1b-4071-ac71-eb1f4d7807ed,Austen,Heller,0993a2c1-aed7-4f24-8941-f087875a1452
664f1d29-9a88-4c2f-a301-f823f84cfbeb,Sadye,Gerlach,3e4ead6d-27cc-428f-ae68-4bdb4c6387e0
7aa2e9de-590d-43bc-a7a4-247ce105bbe5,Earnest,Pollich,a2efbea7-1319-4a78-a4a8-675e95a2d05d
8b32a4c6-8eab-462b-88fa-27088b0eb30d,Mustafa,Kassulke,0ec423b4-f278-4447-8eca-12e73ec0ab58
526657c1-96ac-4915-be37-f8060d4640f5,Declan,Zboncak,a9bb487d-0208-48c4-95a0-47569edad1ba
654c47fb-0105-4ed3-b791-0fb465b27f8d,Earnestine,Botsford,357d1c6a-cf51-4edd-b719-e171506d3542
ca03940e-f9d2-47eb-96be-17ee44719db5,Jed,Corkery,185f6d1a-a0c5-4476-9739-4bf463e8b3b6
ddfa9d92-beac-4c38-ba88-3fd61da8e2f7,Ole,Huels,08f98650-3873-4694-898c-9c39a1f34ff4
fe4885a5-5a4c-46fa-84db-d342b74789d5,Mark,Schiller,a6e74fc0-757f-4b4b-9396-db1938f3b73c
4a56c3da-6e50-427d-9b03-b74fc2fb6b35,Vernon,Upton,05aaf131-f42b-4f1b-a218-4b4e16531964
6f863b7f-d96c-4156-b9fc-4082866d71fc,Betsy,Mayert,99f88e6a-af66-4ab9-86da-90ae1e2fa093
0eb6854d-634f-4338-b21b-f26083e5339e,Virgil,Funk,e3927a39-6af0-4378-92a3-a29c72d51c52
5e144c3e-a99a-48b1-ae22-3099740d8b43,Dashawn,O'Keefe,515c15bf-fba8-4bf4-90cd-0c98ed98ee10
5e64f98b-787e-4f2c-a948-171ba31e83a6,Andrew,Paucek,4dbbe99e-7b1c-4ef0-a3b5-9cb6d1556ef7
7b355361-4e91-44aa-ab1a-624126edbdfe,Karley,Bins,fc6dfb8c-f206-4cfc-9217-b89aa43f80c7
b09ed7ff-638e-4902-bd5e-8f9135262286,Trystan,Boyer,72725b70-5ba2-4435-9bd8-bbbffecc9389
e577fd3a-9996-456e-9222-7a8c6d361833,Irwin,Mertz,806df860-13d4-4dc1-b977-1c77606f43cc
c52e5218-dbef-4733-8091-eecbe366ec51,Hermina,Schneider,b4366bda-a324-4527-bd69-8069860e3d71
cefb5429-f6bc-4f31-bcd8-781956ce7d42,Keaton,Hermiston,26022f2e-cfa7-48d5-8a73-923c110cca20
c0afd24f-dd68-4fad-b4f2-458b47ce8000,Vicente,Heller,f15f859f-02af-494b-9377-df69a960199b
9de61f7a-38a0-46a8-a43b-b3dd05590dd1,Brandyn,Brakus,f15f859f-02af-494b-9377-df69a960199b
e9765089-ae4b-491d-b8bf-c9e7eecb6dbe,Scotty,Bahringer,53bbb617-7eb3-4316-8cea-bfb436c64d77
f1afb93e-cba0-49cd-9c9d-1dad971e3fb4,Raheem,Little,26022f2e-cfa7-48d5-8a73-923c110cca20
c24d547c-51b8-4441-b00f-296ad0dcc678,Marguerite,Bechtelar,4bb6f462-9156-425c-a212-1223d414eef4
2c1bed1e-a27a-433c-900b-1c0b34cfc892,Gregg,Ratke,d0cc47a6-e286-4119-b018-5aec129f5386
e5ee03cc-a017-4c5b-a4ff-4344a2b5a061,Casper,Bartell,7196c9d0-3353-4955-a7fc-f433bb85ddf8
c15bf03c-9e23-4c1d-880d-83e4f4a840fc,Jewell,Keebler,b3119b65-0115-4e0d-8927-ba40ac4b83be
b0d7c499-83c9-4c59-a582-c4d1f77dbfd1,Kim,Rogahn,694c7824-5428-4fba-95f8-7fc8e5b48ecb
46bc48de-8e4e-4cce-98d0-08498f2dcf22,Reyes,Buckridge,08f98650-3873-4694-898c-9c39a1f34ff4
ec8e5f0a-f6de-4bbb-b7b9-17b4fd82a561,Carmen,Kiehn,b8aebd1a-7605-4223-948e-2e72c691978b
d9f5fc3e-868a-43d2-a1ba-a53539921162,Evangeline,Cormier,6aef9c65-200f-49b2-b38f-bbc40f465a81
238cfede-441d-40a6-9c90-e91253ccf236,Oscar,Hayes,44e7c725-51c6-426c-8861-3c4175b03749
f3c95bfe-e972-4ebe-bacd-1bdb6bbfb290,Sigurd,Connelly,8545965f-a475-43ce-bcc0-baffd816621c
a07f620b-7ff5-4d89-b2bc-ebc5ef4a02a2,Chasity,Glover,79f99032-59f5-4c59-af1e-8d87ccf180ae
26281319-0950-410e-98fd-c1401e7517a5,Cassandra,Witting,27882fe3-360b-4c89-99bf-089ff18ab89a
9b97fef1-37db-4bec-83b4-0d3a948c6ac6,Coy,Kutch,99f88e6a-af66-4ab9-86da-90ae1e2fa093
7720acea-d21a-4776-845f-1080fd8eadab,Bianka,Ankunding,3e4ead6d-27cc-428f-ae68-4bdb4c6387e0
f041db16-506d-4932-af38-cd497affecbe,Lyric,Bauch,12176d11-5136-45c6-a0c0-20bf4804fe8f
9b1614ef-94d9-453b-a723-1ddf6921dfaa,Jonatan,Nicolas,45f4c656-851c-445e-814a-9171a5160dc0
15237068-e40d-472b-b2ce-3775734101c3,Bartholome,Mueller,7196c9d0-3353-4955-a7fc-f433bb85ddf8
91aec97d-65a7-4868-8fdb-54683c8175cf,Mercedes,Kemmer,86c08561-20f4-491c-9a55-92cd53eadd58
48e5814d-a176-4a9e-82c7-52f01f414c26,Garland,Hilll,fc6dfb8c-f206-4cfc-9217-b89aa43f80c7
097cb6ca-c8bd-4964-9aa0-bcee3b2e961a,Amalia,Bosco,d4b69cc8-0c4b-4c1e-802d-2204e2b3885e
f2571ad6-42f5-489f-8f02-6c4152d73429,Eloisa,Corwin,e45f06f2-b494-49af-b2a3-e5c66a508f6b
789841ea-e543-49f0-a6a6-8479054edca7,Devonte,Robel,0993a2c1-aed7-4f24-8941-f087875a1452
44dc4bc0-b521-4ffa-a0ba-33a8aac823e3,Verla,Kautzer,5249ded5-d44b-488e-9838-367e4a2b67a8
0cdd7512-c3bb-4005-a136-de59725abee5,Ernestina,Huels,99f88e6a-af66-4ab9-86da-90ae1e2fa093
6ceb2823-5e60-4970-93e8-427788f4d0df,Gerhard,Wiegand,694c7824-5428-4fba-95f8-7fc8e5b48ecb
f49ee4d9-5e19-4ae0-a029-fdb13e5f6214,Ramiro,Shanahan,51d98163-4e25-420d-b530-fcf9b84e583e
a9417be9-7ee6-470e-a70b-d4899bfd3994,Hipolito,Abernathy,ec1166af-2a7a-4b46-b9a4-047a54a04877
211d5a75-7849-4dc3-bf28-49aa0466ef25,Glen,Mraz,bbd85afc-47ad-47f0-89ec-ec8d609ad5d6
e1b73002-96fc-49c1-83de-1f6c2304f862,Gus,Bartell,0010eac2-38be-45d4-a8fb-051b1b1a16a9
6403abae-e44d-4876-8362-bde500a05537,Eldred,Gleason,357d1c6a-cf51-4edd-b719-e171506d3542
e9800158-4cdc-48f2-9098-a458ffcdd4af,Kip,Olson,a67d38e4-8625-4a00-811c-c2c1e9a88a9e
08b744e6-12a2-46ed-815a-b34c15a1daea,Angela,Will,b4366bda-a324-4527-bd69-8069860e3d71
60fbd3be-2d61-46dd-934d-31d73d062796,Jeffery,Collier,b9c6001b-624f-4d48-afa5-02cf6ec9224e
f3ab20f1-0ba4-4254-b4cd-bbeeb3007ff9,Eloisa,Ortiz,7196c9d0-3353-4955-a7fc-f433bb85ddf8
c85289cc-e9e7-434b-a273-75a2d6e40ef4,Eudora,Jacobs,a4ee82c8-de04-4a63-b21f-6d801fcebbc4
85fd557e-7f9d-45c6-ae61-4e831792c724,Curt,Parisian,668331d4-a6dc-40ee-8934-5728be8002e5
2283c6c1-1967-453f-b3a0-afe0b3c1cad9,German,Sipes,ea6dc88f-b999-4050-b275-9e92f8c733ea
5b81f64a-9144-436e-8765-a79be9f71e3c,Titus,Gutmann,7a320b68-98bc-421a-839c-9121fde3a798
e6935f91-1c38-46c2-a0e1-1de943319054,Tatyana,Prosacco,89a1c38e-d86a-4508-9ffa-443cec35fd5a
430d4c78-0ef3-4e60-a1ed-28a71c54025e,Leone,Dach,08f98650-3873-4694-898c-9c39a1f34ff4
3a71fd96-9b02-4238-b9fd-e4a7dccc8cf1,Jennie,Torp,043c2c56-39e5-4fb5-a5bc-140411399476
f4b350e3-4dff-4395-8485-491b3472725a,Terrell,Wisozk,962b1a0d-a9f2-418b-bab0-ac692b8e89ff
7dca2ca5-6f6e-4ed6-9d81-f2b95effcc21,Rowland,Carter,b635ede6-c582-4850-a3d9-5825af931b95
319e5264-c5f8-455f-91f9-837e0680db93,Eloise,Dickens,a01f4ca7-c866-487f-adf0-b7ca62e1e94c
a999b1cf-fda0-4545-bc55-b64f1c8a1be4,Olaf,Hartmann,b3119b65-0115-4e0d-8927-ba40ac4b83be
cab67932-8a85-4051-9d8e-7c50b8d6f4c5,Cesar,Wisoky,173c5cd1-1850-40cb-b342-941deb58cf07
a7de4f58-e4ce-4cb6-befa-dcb9683de864,Jess,Kuphal,5249ded5-d44b-488e-9838-367e4a2b67a8
0fa13a5d-8f8a-47b5-9903-a26ce63cd44d,Mortimer,Kunze,05aaf131-f42b-4f1b-a218-4b4e16531964
f0e21793-49a5-4d6e-9f21-82f497f6c527,Estefania,Cartwright,6d4ae42b-801b-464c-a068-0c710b2e5d9e
1781995a-5d17-469e-8958-6706a058e72a,Nikko,Stanton,bce61f6d-ebd5-42e4-8627-a62f07562c34
a7c08c0c-df12-4add-9b18-6b59cce7a360,Elna,Bins,7a320b68-98bc-421a-839c-9121fde3a798
3fa9b73d-80bc-4ed2-92be-b7caaad412a5,Ava,Fay,68d81d6d-6dde-47b9-9f79-4e04b3ba6086
47c61a30-9ed3-4986-b861-62bdbfcc551b,Malvina,Mraz,a2efbea7-1319-4a78-a4a8-675e95a2d05d
3c75577c-919e-4f53-8d1b-34379b91aeb0,Alan,Hudson,ec1166af-2a7a-4b46-b9a4-047a54a04877
2dda3459-a2f1-4276-b6d6-635ac7c27ca6,Ofelia,Champlin,79f99032-59f5-4c59-af1e-8d87ccf180ae
c69ef382-7a10-44f3-a27a-6520ac27602c,Justine,Stehr,185f6d1a-a0c5-4476-9739-4bf463e8b3b6
e66b3fcf-5195-4ef1-9f5b-beeade261c7c,Marlen,Ledner,919023a2-cace-4ff8-b5ea-49e76bef1823
df6c6a00-fa3b-4a64-9ba5-bf6d78db2ef3,Mathias,Leffler,36852f45-14ce-4c8d-a27f-158ca5728814
cb45e7e3-8f2f-4236-b71b-6ea2b12030b5,Kennedy,Marks,99f88e6a-af66-4ab9-86da-90ae1e2fa093
cafa024e-d5da-4221-953a-67cb442f2b2c,Vella,Monahan,407b81d9-5996-41ea-8b22-b129e5b6fa8c
d15c5150-07fe-491f-9a04-3beecc1afe17,Bo,Strosin,72725b70-5ba2-4435-9bd8-bbbffecc9389
261a0d81-a806-4dec-9e4b-cc727f17cd62,Aileen,Stroman,443bdb9d-e4ec-4076-9500-722fe690dd62
b9431d38-aa11-4c66-8ca1-a61f04095ffd,Ayden,Keebler,89a1c38e-d86a-4508-9ffa-443cec35fd5a
d6333031-0f91-42d3-83f6-75d7210015c6,Madeline,Olson,08f98650-3873-4694-898c-9c39a1f34ff4
c2dab20d-a57a-49ac-b1e2-a322f479804b,Phoebe,Jacobs,f15f859f-02af-494b-9377-df69a960199b
8f534a58-23c2-45c9-bb3a-43a324a97525,Scotty,McKenzie,4873d81e-3026-4c70-a6b5-3ae760ca7b46
5c63e5df-bfb5-4c6c-8460-e8bc101b26b5,Delmer,Farrell,0010eac2-38be-45d4-a8fb-051b1b1a16a9
b284f115-8f9c-4b05-b96f-b60bccd0feb8,Jovany,Hammes,694c7824-5428-4fba-95f8-7fc8e5b48ecb
1dbb04db-cb44-4e9f-b340-689167d129b4,Sylvester,Wisoky,2ce17127-622f-4678-9edd-882fae6ce2e9
1e7b1605-6996-40d5-b849-1900559683cd,Stewart,Bins,0ec423b4-f278-4447-8eca-12e73ec0ab58
0d6f62b1-631a-4f6f-9064-97ab26b20bf1,Ottilie,Lueilwitz,12176d11-5136-45c6-a0c0-20bf4804fe8f
d083b741-c8cd-4867-b254-c86eda1f8f4b,Bethel,Kovacek,0993a2c1-aed7-4f24-8941-f087875a1452
7ef6ed52-edb3-426a-a029-9438e10ce4a8,Izaiah,Sauer,ea6dc88f-b999-4050-b275-9e92f8c733ea
fd9330a2-4e4e-43e9-b8c9-5ec35634915d,Francisco,Willms,173c5cd1-1850-40cb-b342-941deb58cf07
70045d13-99d8-46a3-8bbf-3d7d44e6e845,Arne,Spinka,185f6d1a-a0c5-4476-9739-4bf463e8b3b6
44ead58d-496e-4c66-abb9-c36d3f61c673,Herta,Wisozk,6aef9c65-200f-49b2-b38f-bbc40f465a81
38cd6202-8733-4716-98a2-62650551ab75,Makayla,Howe,0993a2c1-aed7-4f24-8941-f087875a1452
1a639f4b-655d-410d-89a3-b892e3436952,Korbin,Orn,7cef21df-99bf-471e-afd8-aab72256ee2b
94f1d1e6-0e69-44b9-94ab-5a9d1bc6a42d,Chase,Flatley,27882fe3-360b-4c89-99bf-089ff18ab89a
c3384fc4-3303-4443-9b48-d1ef5a291e01,Richard,Fay,86c08561-20f4-491c-9a55-92cd53eadd58
4b3d46b4-9542-463f-9d29-62b50008f521,Thaddeus,Hand,ea6dc88f-b999-4050-b275-9e92f8c733ea
2eafa599-c1fc-429c-a448-bd06761268a6,Allison,Padberg,b4366bda-a324-4527-bd69-8069860e3d71
35ade0f4-2224-40ac-bbf1-4593b0992526,Ezra,Dooley,443bdb9d-e4ec-4076-9500-722fe690dd62
fc9a330b-f5ff-4234-b41d-8ddc8b075a21,Lysanne,Krajcik,5249ded5-d44b-488e-9838-367e4a2b67a8
10b76ec4-487d-4bdc-8402-e548a4c0d871,Noe,Kohler,185f6d1a-a0c5-4476-9739-4bf463e8b3b6
dfdb4ac8-353f-425e-ab3d-d18b6a786053,Jaime,Frami,bbd85afc-47ad-47f0-89ec-ec8d609ad5d6
81ddfd62-d5cd-4136-9850-b8ca371e5552,Dino,Raynor,68d81d6d-6dde-47b9-9f79-4e04b3ba6086
aa15c28e-7f36-4b6b-bc95-63c0f532890f,Troy,Kessler,d00b331e-a480-4181-8a53-2c7ae99b416d
55d54ae8-a5ec-49bd-b9ee-54a13e6853f7,Lisandro,Armstrong,aafb76ab-4796-4f88-a3d2-6c04e8cb8fe9
233b4440-e547-480f-9335-999d467fa163,Graham,Gutmann,68d81d6d-6dde-47b9-9f79-4e04b3ba6086
266ecb14-f45b-413e-ac92-84a193b64030,King,Wisozk,561eab3f-408a-4f8f-beb3-77b4d1cc73eb
38beda81-f293-4830-8f81-b59d7f175ca9,Cassidy,Halvorson,72725b70-5ba2-4435-9bd8-bbbffecc9389
c7437ac4-133c-46a7-b490-4cb632fe06f3,Bethel,Ebert,36852f45-14ce-4c8d-a27f-158ca5728814
19844f10-552b-4248-b022-1ab7b6cbce4f,Gunnar,Kuvalis,043c2c56-39e5-4fb5-a5bc-140411399476
7737dbab-816b-45bd-b304-87a0bdba8f37,Frederique,Crist,1e72d1ee-accc-43f6-a215-81c2394c4e7c
5d011c99-f836-4afc-b702-e1aed9a0d899,Tracy,Collins,a2efbea7-1319-4a78-a4a8-675e95a2d05d
16048dcd-3340-4f02-99aa-99baa8c72940,Ambrose,Goyette,79f99032-59f5-4c59-af1e-8d87ccf180ae
34758f42-a393-41d7-9133-cd9c1106f504,George,Schumm,357d1c6a-cf51-4edd-b719-e171506d3542
441d8207-8279-41fb-9c18-7decbc97a309,Antonette,Thiel,51d98163-4e25-420d-b530-fcf9b84e583e
5294cb8a-de25-4f3f-a2e0-92341849c73d,Janiya,Schuster,99f88e6a-af66-4ab9-86da-90ae1e2fa093
6afc95df-4919-4075-bd91-466ee6692864,Russel,Medhurst,1de30808-ade4-4f5f-86a8-d4fdd57165f9
3ac08c60-d255-43ca-8928-2475ffee5a9e,Orval,Medhurst,6d4ae42b-801b-464c-a068-0c710b2e5d9e
3e277a37-f017-493d-9aea-7aa690cfd0da,Delores,Dickens,4dbbe99e-7b1c-4ef0-a3b5-9cb6d1556ef7
4af6d0b2-6875-45f2-a8f6-ddacfeac01a6,Else,VonRueden,bbd85afc-47ad-47f0-89ec-ec8d609ad5d6
6dc5ae61-2d13-4f22-9741-d1da3dea3d98,Hudson,Fadel,222a0c52-efd7-4a04-9904-6cfef3f8ffcf
15ca7417-4d6f-4b7d-851c-f0af35e4a0a3,Christy,Conn,7196c9d0-3353-4955-a7fc-f433bb85ddf8
07846688-5dd1-4067-b9be-085d186f38f3,Emmitt,Marquardt,a01f4ca7-c866-487f-adf0-b7ca62e1e94c
5042cbcd-42d8-466e-899a-3d27b0d95238,Sonny,Ferry,99f88e6a-af66-4ab9-86da-90ae1e2fa093
0bd75407-d4e6-4d0d-8903-141c9742d297,Anastasia,Balistreri,4bb6f462-9156-425c-a212-1223d414eef4
b099744c-e308-4469-aba4-1c712e99b860,Cordelia,DuBuque,a6e74fc0-757f-4b4b-9396-db1938f3b73c
9e492a8d-76e5-4c98-952f-3da9648af59e,Gilberto,Mosciski,cbc5007d-ee55-44e4-85ec-32b33822da4e
aa93a412-ffbc-406e-958c-0fb36174e793,Modesta,Morissette,85ca329f-c85b-40fd-9a13-b62f2487d9d2
8a62ed38-9e3f-42cc-87d1-3b72f228ffe5,Sarai,Daniel,99f88e6a-af66-4ab9-86da-90ae1e2fa093
c822e36b-fe60-47ba-8535-6eda0946a321,Kariane,Hickle,4bb6f462-9156-425c-a212-1223d414eef4
07474cda-ad63-42e7-a1a3-46d73b9a98b1,Zelda,Gerhold,1e72d1ee-accc-43f6-a215-81c2394c4e7c
8db63e80-264e-44f3-bc6d-df7397bd4c96,Idella,Littel,407b81d9-5996-41ea-8b22-b129e5b6fa8c
e8b10632-906b-4b49-916e-858e2a0493cf,Alexys,Littel,d9c2d18b-d4f7-4025-8f99-fa632c9cdb3c
1c907eb2-673d-4bc9-a402-8a420e4c65b1,Filiberto,Corkery,36852f45-14ce-4c8d-a27f-158ca5728814
3d07aae0-8b56-4852-8f38-853f2d4129fb,Demarcus,Koss,286aa3e8-d56a-4e26-8974-13c40f8132a9
4dbb85f6-6ff2-40b8-a97b-a9aa8c43d04e,Brianne,Rowe,185f6d1a-a0c5-4476-9739-4bf463e8b3b6
e61676f5-124f-42c8-8d5e-0cd5524ffaf8,Chandler,McKenzie,dc0b5f29-a935-4a35-8b02-ee9926fe1b00
d7144eb1-f78f-4024-b8ca-d21fbdec46a7,Gonzalo,Shanahan,286aa3e8-d56a-4e26-8974-13c40f8132a9
01def48e-0df5-4cf9-a557-62ef7631bb14,Adriel,Larson,12176d11-5136-45c6-a0c0-20bf4804fe8f
7b21accd-5162-4787-ba61-0963cc5751f0,Mackenzie,Morissette,a9bb487d-0208-48c4-95a0-47569edad1ba
7c8b520c-9a99-401d-b04c-a6381b80c705,Bernice,Yost,5e92cec0-1893-4c38-9876-53e0074bb36b
f0b1779f-2bd3-4fe6-9dc7-ebc4b050a7ec,Reid,Breitenberg,51e6c090-d503-4e05-be8a-6cb0cf92c71c
cc4f2ee7-55ef-480c-9982-b4ffef078876,Eula,Dibbert,bbd85afc-47ad-47f0-89ec-ec8d609ad5d6
0b45e0c6-dc2e-4175-9e5d-d38b0902c267,Malvina,Lynch,7196c9d0-3353-4955-a7fc-f433bb85ddf8
7e2bbfde-877f-4e1f-9aa3-d2e0eb9f5eb6,Filomena,Buckridge,806df860-13d4-4dc1-b977-1c77606f43cc
5cebe855-6743-4343-b09d-6f43473af534,Olaf,Rogahn,185f6d1a-a0c5-4476-9739-4bf463e8b3b6
e604d2f6-c128-44a2-9cff-44c2b6134a1d,David,Marquardt,357d1c6a-cf51-4edd-b719-e171506d3542
bdc1bfc2-a4a0-43ec-9d25-e2be608ba601,Torrance,Champlin,b3119b65-0115-4e0d-8927-ba40ac4b83be
edab21ba-b538-491d-93ba-651e06994ab2,Osbaldo,Miller,2ce17127-622f-4678-9edd-882fae6ce2e9
ac34d315-b914-4804-854c-682f0b37b9a9,Claude,Adams,668331d4-a6dc-40ee-8934-5728be8002e5
4ffa74cd-3e90-4af7-9c4f-1173796cae3a,Adrian,Runte,919023a2-cace-4ff8-b5ea-49e76bef1823
22a5b3ed-122a-436f-b20a-1be797b2ef37,Andreanne,Gusikowski,72725b70-5ba2-4435-9bd8-bbbffecc9389
eb0bc8e0-db50-4ff2-abf4-0952f1fe08bc,Cameron,Bauch,407b81d9-5996-41ea-8b22-b129e5b6fa8c
a28d1def-3e75-4069-8909-e0df253d59bc,Adalberto,Dooley,a01f4ca7-c866-487f-adf0-b7ca62e1e94c
5fbdc76f-f1fb-4b24-9b8c-c8a19289adc2,Newell,Reichert,8a699765-fba8-4563-9b45-03449f980c3b
08bcee05-a358-42d2-8945-301b5e63c3df,Dorian,Dietrich,7d1b71b3-36f1-419a-ba70-060815a8ae74
269ec646-0657-4a2d-8f8c-2516853ff844,Izabella,Mohr,3b56cb01-7623-4a2d-a9b7-3729dfca3740
40e53453-6f0b-425b-8dea-d8c86ef60352,Lavada,Williamson,919023a2-cace-4ff8-b5ea-49e76bef1823
0de7430a-0ee3-4b11-a96a-910056d1b98e,Cameron,Tillman,0993a2c1-aed7-4f24-8941-f087875a1452
7f0646ae-8436-43cd-8b47-82ea1a96df60,Tommie,Kutch,7dd8ad51-a9de-4f0a-8d5d-4f70192af4c6
291f4379-c365-41f9-9e77-f44205eed147,Joe,Shanahan,aafb76ab-4796-4f88-a3d2-6c04e8cb8fe9
0eb40219-798b-4054-8b93-79c27eec0c47,Kasandra,Pollich,fc6dfb8c-f206-4cfc-9217-b89aa43f80c7
9630869c-3133-40cd-8301-8fa6ffc9a98b,Rahul,Hilpert,561eab3f-408a-4f8f-beb3-77b4d1cc73eb
3f39cdc6-ddff-4494-9eae-2d679a2358a3,Brandi,Dibbert,51d98163-4e25-420d-b530-fcf9b84e583e
d18c9c10-8d86-49a5-9990-f10ab17c73cc,Jacynthe,Zemlak,0010eac2-38be-45d4-a8fb-051b1b1a16a9
1d6599d2-2068-40a1-870e-625e25c8e50a,Ally,Gislason,d4b69cc8-0c4b-4c1e-802d-2204e2b3885e
444dc426-a335-403b-9133-4fd3b1629faf,Bud,Bradtke,919023a2-cace-4ff8-b5ea-49e76bef1823
a4fc4502-e10e-4cfa-9cff-1eb3079d6209,Aisha,Stehr,fc6dfb8c-f206-4cfc-9217-b89aa43f80c7
6bfc8b94-3db6-4f73-8d51-6cfb6f58a17c,Carmella,Klein,64f3a0f4-37bc-4843-a39b-963d4d1e30bf
08f114d9-ba5c-4d90-89ea-80d0665da1e9,Caesar,Pfeffer,919023a2-cace-4ff8-b5ea-49e76bef1823
caa62f72-1448-402d-b07a-be5898a4a5d3,Furman,Kovacek,51e6c090-d503-4e05-be8a-6cb0cf92c71c
034b1120-603a-49e4-bf44-153c3273574b,Carey,Hyatt,05aaf131-f42b-4f1b-a218-4b4e16531964
9c6db836-ae0c-4ff7-8e80-7007e41c411a,Mauricio,Prohaska,02a22559-38d1-47fa-96ac-dd558dfe2b90
0c70b147-50df-45f6-952d-206574e8f246,Winnifred,Wisoky,b8aebd1a-7605-4223-948e-2e72c691978b
3389f3c8-468a-4bc5-bff8-ea993080fd5b,Trevion,Reichert,806df860-13d4-4dc1-b977-1c77606f43cc
23c43fbe-b7d4-4bfb-ae42-dcab022cc16d,Rachael,Koelpin,8f7af8d7-7e31-444f-aa1c-e0ad53a2d8a8
65c46366-ac46-4970-a7c6-ce3f8f18c097,Ozella,Hayes,7ed8c3a0-0ec9-41fe-bdae-705b18fb17fb
1035684d-f018-443d-b165-6112678123e5,London,Moen,b7a01113-cb95-4c71-b5e4-34f96eaa2c18
216456a6-efb8-484e-b933-5123aaf22b6b,Jarvis,Rogahn,ea6dc88f-b999-4050-b275-9e92f8c733ea
f31d185c-11af-4d14-a7c2-33869d409054,Randy,Lind,45f4c656-851c-445e-814a-9171a5160dc0
44d0260c-3eff-424c-8201-71020f7c21e0,Dennis,Beer,1de30808-ade4-4f5f-86a8-d4fdd57165f9
58a70985-2cc8-4fab-911b-d5139b23fdb5,Savannah,Breitenberg,8a699765-fba8-4563-9b45-03449f980c3b
36d08786-2e14-4ba7-8506-95dd96eec76c,Gus,Runolfsson,6d4ae42b-801b-464c-a068-0c710b2e5d9e
ef9d4bb5-3f6d-49db-887d-6dd46fc4c6e0,Kieran,Muller,bbd85afc-47ad-47f0-89ec-ec8d609ad5d6
7a56c3dc-f7d6-4fa5-a39f-d1a903145d19,Edythe,Bosco,357d1c6a-cf51-4edd-b719-e171506d3542
de10725e-30d7-43c1-b3fc-9d0e9e8bba90,Melba,Roberts,286aa3e8-d56a-4e26-8974-13c40f8132a9
3bdb6ad7-84ef-42ed-ae06-6d9cfc22780f,Jesus,Ward,668331d4-a6dc-40ee-8934-5728be8002e5
97f3eda1-7f31-4b52-a45f-879f9a38386a,Wilton,Fritsch,72725b70-5ba2-4435-9bd8-bbbffecc9389
1aecb7ef-81bc-4681-b4b7-75f9422417c7,Patience,Nitzsche,286aa3e8-d56a-4e26-8974-13c40f8132a9
3028899e-1e4b-4360-84fe-09fc152b3b69,Eli,Renner,286aa3e8-d56a-4e26-8974-13c40f8132a9
9d4138df-c47a-4480-bb80-af1850286143,Claud,Nader,4873d81e-3026-4c70-a6b5-3ae760ca7b46
942d506f-f4ce-4375-a572-6bd2c00d0ca9,Logan,Effertz,3b56cb01-7623-4a2d-a9b7-3729dfca3740
ef297bc0-1631-4542-a54e-d11af625ffa2,Murray,Shields,b4879ada-a16f-42db-8493-ad2bc93ee438
abe28273-e952-411e-9c2a-b1822121f78f,Nico,Murray,dc0b5f29-a935-4a35-8b02-ee9926fe1b00
70f95a44-d2b3-454b-bbdd-292a659b9e02,Clemmie,Paucek,561eab3f-408a-4f8f-beb3-77b4d1cc73eb
fabb8971-64a7-4dc2-ba06-2d2f8377270a,Alfreda,Hettinger,b635ede6-c582-4850-a3d9-5825af931b95
954c6f8c-bfd3-4f0d-b2c1-6214ddcfea34,Taryn,Hettinger,8a699765-fba8-4563-9b45-03449f980c3b
52ad5845-8902-442f-aa12-9d004c9381b7,Jermey,Russel,aafb76ab-4796-4f88-a3d2-6c04e8cb8fe9
8f2689aa-79d1-4552-b532-b1803eaca465,Terry,Von,a9bb487d-0208-48c4-95a0-47569edad1ba
7b4ac93f-2aae-4ccd-966b-348f9d7753c3,London,Pouros,d4b69cc8-0c4b-4c1e-802d-2204e2b3885e
115e6791-fd43-4d1b-82cf-ba1795aeae88,Ricardo,Reinger,7196c9d0-3353-4955-a7fc-f433bb85ddf8
99bd9fcd-3c88-425b-9f02-add4e5452e61,Oran,Little,668331d4-a6dc-40ee-8934-5728be8002e5
3761cb5f-97aa-4e3e-b9be-d941315aac88,Isaiah,Swift,7a320b68-98bc-421a-839c-9121fde3a798
b8207219-7469-4a30-a6cd-4b5b5ea7e5ba,Cecil,Collins,27882fe3-360b-4c89-99bf-089ff18ab89a
9c9f6abc-9902-454c-858f-96cb3a2ef1d6,Felipe,Bosco,86c52214-7fd2-49f6-b14d-212ffc1ef84c
2bd8bdcb-9235-47df-80b0-606a7d3c50ff,Regan,Olson,a9bb487d-0208-48c4-95a0-47569edad1ba
f6febffb-bea1-4211-882c-a4f871a06377,Dominic,Adams,36852f45-14ce-4c8d-a27f-158ca5728814
6f259292-3ce7-4888-aa5a-d82e746431a2,Tod,Mayer,bbd85afc-47ad-47f0-89ec-ec8d609ad5d6
08aaef9f-f30a-474c-8ee3-b479e399dd22,Nicolas,Kovacek,6a64a9b6-5d90-46a1-8f08-db26b9ba3211
8278b7c1-0b28-4726-8c75-7d5d42fd3656,Imelda,Treutel,68329e43-8667-4196-a988-36ce6d4f692c
4927084c-b813-40db-9527-dd377d772e1f,Fred,Hegmann,ac518176-f76d-4144-8b14-78a25bbe0eff
eed418c5-0b07-4c50-9b7b-05d6ea527032,Kirsten,Waelchi,3564934c-35e7-4f38-90b2-87a75e65759f
7f00b73e-f493-4888-ba46-188a52ed2c78,Lilyan,Waelchi,b9c6001b-624f-4d48-afa5-02cf6ec9224e
0b4916e1-0769-44ec-9e6f-b9811b2b7693,Maude,McCullough,7196c9d0-3353-4955-a7fc-f433bb85ddf8
1a4e8b50-3116-485c-81d0-fab673be3b46,Clair,Aufderhar,86c52214-7fd2-49f6-b14d-212ffc1ef84c
818e88fb-48bf-4491-be92-d975e6c43301,Marjory,Price,173c5cd1-1850-40cb-b342-941deb58cf07
12f13f00-fa9d-4672-9f16-43df2100e1b9,Jennyfer,Considine,dc0b5f29-a935-4a35-8b02-ee9926fe1b00
6877c8cf-6de5-48be-ad29-e703b1f8c575,Benedict,Jast,043c2c56-39e5-4fb5-a5bc-140411399476
23d115e5-dd78-44ee-a69b-8124b410f991,Jordyn,Gerhold,d00b331e-a480-4181-8a53-2c7ae99b416d
83b05789-edea-49ff-98e3-652446febae1,Jerry,Boyle,7a320b68-98bc-421a-839c-9121fde3a798
62e156e1-47b1-424c-a2c0-90088be78997,Stanford,Harvey,fc6dfb8c-f206-4cfc-9217-b89aa43f80c7
00b4f66e-c7ef-4d4e-9bd8-fac20578ad1a,Mariano,Marvin,86c08561-20f4-491c-9a55-92cd53eadd58
3f39a219-6000-4353-8e04-0cf06079d2db,Sammie,Sawayn,08f98650-3873-4694-898c-9c39a1f34ff4
92f6c42a-0c98-4d5c-b9e4-81a1ca9b6ad4,Larissa,Koelpin,a4ee82c8-de04-4a63-b21f-6d801fcebbc4
19114657-eb84-47ff-934e-b2145a991cd5,Florian,Block,806df860-13d4-4dc1-b977-1c77606f43cc
e4c0549d-6155-4332-815f-d4871215c147,Justyn,Ward,d0cc47a6-e286-4119-b018-5aec129f5386
afe65e1b-cb3e-45d1-8760-46874e545029,Connor,Bins,bbd85afc-47ad-47f0-89ec-ec8d609ad5d6
59f0f810-56f6-494e-af8c-cbe8b7587634,Elwyn,Treutel,99f88e6a-af66-4ab9-86da-90ae1e2fa093
ab2d1c47-edb4-4690-a279-6f3f3d7d50f6,Gerald,Jenkins,e45f06f2-b494-49af-b2a3-e5c66a508f6b
331e83b5-7730-4ae8-b5e0-63f8a47e5898,Ross,Jaskolski,4dbbe99e-7b1c-4ef0-a3b5-9cb6d1556ef7
0b05b8fa-ffde-48ff-a11c-6b9c9189359a,Wallace,Bradtke,a9bb487d-0208-48c4-95a0-47569edad1ba
95b2a0ed-b099-4017-8d00-494bd861df93,Hudson,Kuphal,185f6d1a-a0c5-4476-9739-4bf463e8b3b6
0f54adfa-17c4-4dfe-9c83-0712ce3ed18f,Leilani,Reynolds,7dd8ad51-a9de-4f0a-8d5d-4f70192af4c6
0bf2f2e1-01fa-44ab-bfb1-47dfc5a695a3,Reba,Schinner,6a64a9b6-5d90-46a1-8f08-db26b9ba3211
9955e835-3740-49c6-b6c4-ba6f93fceafd,Jettie,Ernser,4873d81e-3026-4c70-a6b5-3ae760ca7b46
f2bb7f1c-c9e8-4d8f-b247-2c314b494973,Sigmund,Ortiz,043c2c56-39e5-4fb5-a5bc-140411399476
eef59f55-2afb-4b4a-8310-e0675bd1822f,Margie,Krajcik,dc0b5f29-a935-4a35-8b02-ee9926fe1b00
d2c2668d-c00a-4a93-85fd-2d9f7e92e902,Justus,Reinger,68329e43-8667-4196-a988-36ce6d4f692c
d97ae845-6642-487a-88c7-659642f4d1a3,Brandt,Gerhold,7cef21df-99bf-471e-afd8-aab72256ee2b
22a53042-10ea-4a4a-bb45-b97090b25089,Warren,Tremblay,561eab3f-408a-4f8f-beb3-77b4d1cc73eb
1e31c2fe-dca5-4c96-b5b6-0564da6e2053,Reagan,Kohler,a6e74fc0-757f-4b4b-9396-db1938f3b73c
dee0ca8d-30ab-4eed-a8be-9a0402f383b8,Wilton,Barton,3b56cb01-7623-4a2d-a9b7-3729dfca3740
2ab13829-053e-486c-9906-12af3fb4e23d,Juana,Medhurst,89cd69d2-03a7-41b8-8a0a-4f363f728c9b
d4872822-cd06-4d03-82a9-6832dfad6e8e,Anibal,Hessel,68329e43-8667-4196-a988-36ce6d4f692c
075b915a-69e5-483d-ae0e-8020288c2d39,Aidan,Veum,02a22559-38d1-47fa-96ac-dd558dfe2b90
0a127c7b-f4d9-4bbc-8fae-327e2a511e55,Florida,Leuschke,03558aa8-2bbe-465c-a2de-f8b3ddf19fcf
b6b7ad72-84ee-433e-8594-66531727cbbd,Frida,Lemke,b635ede6-c582-4850-a3d9-5825af931b95
1f8d7f54-05ba-4c08-b4ba-5347e5c12be2,Bo,Renner,45f4c656-851c-445e-814a-9171a5160dc0
e351124c-fa31-4e31-bd7a-4db1a181bc45,Jimmie,Johnson,8f7af8d7-7e31-444f-aa1c-e0ad53a2d8a8
19633596-f075-417d-bed0-a8054fce4d22,Casimir,Watsica,357d1c6a-cf51-4edd-b719-e171506d3542
fc7dc0ca-3dea-45f3-8eec-cd2eaa287a7e,Rebecca,McDermott,f15f859f-02af-494b-9377-df69a960199b
85279cc7-3951-49e7-8db4-e7f505fc5256,Katelyn,Labadie,86c08561-20f4-491c-9a55-92cd53eadd58
b4ccd8af-7800-4a40-aa86-27ae4ff907fd,Lelah,Rice,919023a2-cace-4ff8-b5ea-49e76bef1823
2caa632b-0e27-4769-9e16-bb9ec2edb93d,Breanna,Ratke,dc0b5f29-a935-4a35-8b02-ee9926fe1b00
9f6bf03a-e845-493e-903d-99d7d2035e11,Hazel,Stroman,51d98163-4e25-420d-b530-fcf9b84e583e
daef5ce9-4bb1-4ca7-9b28-9faa3415409d,Hyman,Jenkins,51d98163-4e25-420d-b530-fcf9b84e583e
4a696717-3ba5-4fa6-b9bd-9a9d1f6a9e30,Mavis,Bruen,89cd69d2-03a7-41b8-8a0a-4f363f728c9b
9bd28b9e-e9db-4f87-b21f-926201307d11,Leola,Kutch,443bdb9d-e4ec-4076-9500-722fe690dd62
25e1e9a6-274a-48f2-b245-c8df695d075b,Jeffrey,Nicolas,aafb76ab-4796-4f88-a3d2-6c04e8cb8fe9
6d004f09-93e0-4c1d-83d7-3eae42270980,Margie,Conroy,fc6dfb8c-f206-4cfc-9217-b89aa43f80c7
0386676d-21b5-4b1b-9be5-7ed8d2aaf853,Frankie,Heller,99f88e6a-af66-4ab9-86da-90ae1e2fa093
4041b87f-905b-4b7e-8bc9-1db519a72670,Christy,Muller,6a64a9b6-5d90-46a1-8f08-db26b9ba3211
f93f0245-d423-4efe-92a0-d1baf6b0e69e,Monroe,Stiedemann,7dd8ad51-a9de-4f0a-8d5d-4f70192af4c6
e52667bc-b209-4808-a392-0f51ea6e9351,Monroe,Rutherford,a67d38e4-8625-4a00-811c-c2c1e9a88a9e
1162bfe9-3089-4e24-91e4-a2813c25d16c,Cleve,Kunde,86c52214-7fd2-49f6-b14d-212ffc1ef84c
d8a50cf1-8bde-4e1d-927f-20e49390567a,Annie,Stiedemann,f15f859f-02af-494b-9377-df69a960199b
4805263e-8758-4faa-9bb6-dab5ff31758a,Arnoldo,Steuber,ec1166af-2a7a-4b46-b9a4-047a54a04877
9d2ad0fb-8675-4e84-bfef-56bbd38588a2,Elias,Stark,5e92cec0-1893-4c38-9876-53e0074bb36b
53429668-e832-4142-95a0-77751be3acf5,Sally,Pollich,4873d81e-3026-4c70-a6b5-3ae760ca7b46
6200b955-1c40-401d-ad08-1034ca1bf874,Easter,Kling,86c52214-7fd2-49f6-b14d-212ffc1ef84c
527a3652-f285-4a1e-9d7d-58b938f80d91,Sabryna,Hand,02a22559-38d1-47fa-96ac-dd558dfe2b90
0b0d40eb-f75d-48d3-9d1f-e16a1780c9d2,Isabella,Baumbach,ec1166af-2a7a-4b46-b9a4-047a54a04877
c870340d-6b84-4340-b2f4-647f5ba1ecbf,Otilia,Schuppe,043c2c56-39e5-4fb5-a5bc-140411399476
c3ed8b95-f4f5-4822-9756-a886d284c37d,Lura,Sawayn,694c7824-5428-4fba-95f8-7fc8e5b48ecb
c8c6279a-e040-445c-9642-b06778900905,Katharina,Christiansen,7dd8ad51-a9de-4f0a-8d5d-4f70192af4c6
1c83054e-f386-4bc3-a1f6-00a7b3414673,Clovis,Smith,8a699765-fba8-4563-9b45-03449f980c3b
e99885e2-fc3b-46dc-bc42-1cbee451358d,Mathias,Nicolas,286aa3e8-d56a-4e26-8974-13c40f8132a9
2d0bd626-a255-4cd8-999f-23ee12e1789f,Mervin,Johnston,185f6d1a-a0c5-4476-9739-4bf463e8b3b6
637ea21c-5ced-4a1e-842b-95b111e7482f,Mike,Swift,bce61f6d-ebd5-42e4-8627-a62f07562c34
d25edc85-969d-4fb6-b9c6-9d217b5920fc,Adaline,Marks,357d1c6a-cf51-4edd-b719-e171506d3542
645bb101-2e5b-4f40-9307-c3415a4ba609,George,Bartoletti,8545965f-a475-43ce-bcc0-baffd816621c
2222dc3d-7173-4080-8070-4d2577b93ee3,Alek,Durgan,a67d38e4-8625-4a00-811c-c2c1e9a88a9e
3c61d084-27a1-4074-a87d-c4665826834a,Kaleb,Pagac,5249ded5-d44b-488e-9838-367e4a2b67a8
ac398fa6-78c2-4260-b1a8-7948c7af23b2,Demetrius,Nikolaus,3564934c-35e7-4f38-90b2-87a75e65759f
8f8d159e-05d5-43e6-ac31-5438ec0b45dd,Ceasar,Kerluke,173c5cd1-1850-40cb-b342-941deb58cf07
21d50b79-3e85-42e5-8e3c-09ec424d5b23,Rosalind,Gutkowski,44e7c725-51c6-426c-8861-3c4175b03749
606a9f4a-b266-4207-8b3a-28b64c9eeed6,Alysha,Turner,02a22559-38d1-47fa-96ac-dd558dfe2b90
8083fd6a-5f98-43e4-b3b5-1fd022969415,Jaylon,Heathcote,27882fe3-360b-4c89-99bf-089ff18ab89a
6489d2c1-570a-4ad3-a987-c9312fc5ebdf,Maurice,Cruickshank,7a320b68-98bc-421a-839c-9121fde3a798
5995eade-c8d7-46e3-8931-fcb801c0219c,Kiara,Willms,27882fe3-360b-4c89-99bf-089ff18ab89a
d2b50f98-4675-4fe7-a34e-a9ea3b16d7c7,Damaris,Ward,6d4ae42b-801b-464c-a068-0c710b2e5d9e
65a4c849-5644-4c2c-bacc-b4a165d57389,Vivian,Dickens,86c52214-7fd2-49f6-b14d-212ffc1ef84c
a0a6ade6-1cf5-43bd-8e84-6b45a2cd282d,Kamille,Carroll,fc6dfb8c-f206-4cfc-9217-b89aa43f80c7
78522e0e-5e39-4c13-8d03-1e4b4a651a2c,Hattie,Hayes,561eab3f-408a-4f8f-beb3-77b4d1cc73eb
40a1764d-04a1-440f-874e-4b2ec0cc82ea,Roberto,King,ea6dc88f-b999-4050-b275-9e92f8c733ea
f79a3f64-dbac-45bb-9aa7-447548a07585,Gillian,Goodwin,919023a2-cace-4ff8-b5ea-49e76bef1823
c84ecdd9-7987-48fa-993e-8206da15135f,Joel,Bogisich,d4b69cc8-0c4b-4c1e-802d-2204e2b3885e
6da707f5-2395-4c6c-afcd-c38de401135c,Liam,Cronin,72725b70-5ba2-4435-9bd8-bbbffecc9389
e886f432-7113-4e8e-9193-04c38c88c822,Alexzander,Kemmer,ea6dc88f-b999-4050-b275-9e92f8c733ea
7153889e-c394-4af9-99a6-ef29117f115e,Triston,Reynolds,b8aebd1a-7605-4223-948e-2e72c691978b
b18cdf70-e19c-4cb6-bf64-33fb7372052a,Kariane,Heidenreich,a4c2fe35-2d67-4bba-9349-812b95fe9a09
05b43eea-dd00-47f9-afda-b0a7a4558fd4,Juvenal,Kris,8a699765-fba8-4563-9b45-03449f980c3b
d1e50d99-4289-47b1-aad9-8476ce49649d,Keegan,Dibbert,64f3a0f4-37bc-4843-a39b-963d4d1e30bf
e853d9ab-fbd0-445e-a45c-62ffc6daef35,Lyla,Stracke,2ce17127-622f-4678-9edd-882fae6ce2e9
b00ef76a-6828-4e24-baba-f7e41af2c112,Derrick,Mayer,222a0c52-efd7-4a04-9904-6cfef3f8ffcf
ce7fa8bb-cc42-4955-8d56-6e9a2f9b02f8,Isac,Beer,a4ee82c8-de04-4a63-b21f-6d801fcebbc4
9db28a96-f648-4c75-8fc6-52a2cba4b329,Rory,Waelchi,962b1a0d-a9f2-418b-bab0-ac692b8e89ff
d0d09d27-9cf9-4326-a8dc-cd5c20d44176,Emmy,Gibson,b635ede6-c582-4850-a3d9-5825af931b95
3e1c56da-6eac-4f4e-9082-a7b32ed261b4,Stacey,Kshlerin,561eab3f-408a-4f8f-beb3-77b4d1cc73eb
bdca573a-1a96-48a9-b18a-05856dc1a004,Amparo,Wiegand,12176d11-5136-45c6-a0c0-20bf4804fe8f
8e476c70-c8c0-4784-9954-899b95a136b7,Luna,McLaughlin,b3119b65-0115-4e0d-8927-ba40ac4b83be
740a0f6f-5cce-43fe-be5d-0c641aaa7130,Adrien,Kuphal,8545965f-a475-43ce-bcc0-baffd816621c
f9cfacf2-5d32-4375-a66f-35d3855bf8f9,Courtney,Rohan,5e92cec0-1893-4c38-9876-53e0074bb36b
dbcbda9c-2bcb-4e5c-b9b8-7a591e56e266,Meagan,Huels,02a22559-38d1-47fa-96ac-dd558dfe2b90
ce89d55f-ebf1-4475-8e84-7bf9157a6254,Reynold,Boehm,185f6d1a-a0c5-4476-9739-4bf463e8b3b6
226fc2b3-c882-45a7-83c3-ff1644a5925e,Adelle,Braun,cbc5007d-ee55-44e4-85ec-32b33822da4e
64e894ca-e2b9-4757-a587-02b6ff7015ca,Chesley,Hirthe,7196c9d0-3353-4955-a7fc-f433bb85ddf8
80739200-24bd-4e7e-9194-2bb135b98f1d,Nyah,Anderson,e3927a39-6af0-4378-92a3-a29c72d51c52
31beb4d6-272f-42be-8a72-2ff78585b6d5,Mylene,Zboncak,515c15bf-fba8-4bf4-90cd-0c98ed98ee10
180588bb-42ef-4e43-9471-1e3356bdcb0f,Keyshawn,Davis,4bb6f462-9156-425c-a212-1223d414eef4
ec09bc8f-0b82-4d66-970d-d57ea765286c,Garett,Ledner,b7a01113-cb95-4c71-b5e4-34f96eaa2c18
f979cfa2-21ac-4286-bb01-c4261eed2f56,Simeon,Moore,99f88e6a-af66-4ab9-86da-90ae1e2fa093
f9190a64-f142-4a2a-881c-aa8458c0febb,Osborne,Waelchi,a9bb487d-0208-48c4-95a0-47569edad1ba
d46c4841-fbff-40aa-85eb-2d825a2aa0eb,Laisha,Williamson,51d98163-4e25-420d-b530-fcf9b84e583e
cb5bae61-3d3b-4715-a619-176e6d545bf7,Delia,Barrows,222a0c52-efd7-4a04-9904-6cfef3f8ffcf
29616971-5dc9-494b-aed5-99ed757babcb,Chanel,Goldner,4de093b7-29a7-40e3-9422-f7b67f0c17e7
28300a55-f7ca-449a-beb0-3adb4aaca216,Macey,Abbott,b635ede6-c582-4850-a3d9-5825af931b95
de2af436-79a9-407a-9835-0fc900f17cdf,Lee,Hane,13cebc79-5b6e-4b4d-84e9-925e5e6c2474
0a2534da-4fd1-4823-9221-d7452e006712,Riley,Ziemann,51d98163-4e25-420d-b530-fcf9b84e583e
16622f25-aceb-4d2e-9552-c40ec4c9277a,Nikolas,Shields,86c52214-7fd2-49f6-b14d-212ffc1ef84c
3b22bb28-fc28-4515-99f9-22f02ef954ca,Rozella,Schinner,3b56cb01-7623-4a2d-a9b7-3729dfca3740
a74191ea-1029-46e8-bad4-2818f05e780c,Jake,Lueilwitz,0f828e19-3619-4bd5-8b17-789eacd9f073
570952e5-dba4-4e86-89aa-648c1e826480,Sherman,Hermiston,043c2c56-39e5-4fb5-a5bc-140411399476
6ec57ad5-2921-4824-a2e5-40a4af2df375,Devante,Hermiston,561eab3f-408a-4f8f-beb3-77b4d1cc73eb
1664b413-1c35-4fe6-b791-c147b7dfa56d,Brown,Kemmer,b9c6001b-624f-4d48-afa5-02cf6ec9224e
e82daf60-e411-4651-b2ff-b7319cbd9838,Hayley,Aufderhar,7196c9d0-3353-4955-a7fc-f433bb85ddf8
a5224580-6e33-4bcc-8b22-9d183ed27c84,Marianna,Jacobi,b7a01113-cb95-4c71-b5e4-34f96eaa2c18
8d77902e-c8c5-41b1-a709-1184b4520be7,Imogene,Barrows,a01f4ca7-c866-487f-adf0-b7ca62e1e94c
977c2308-7b19-4f0b-913c-2a700af0ec8a,Kamren,Ondricka,4bb6f462-9156-425c-a212-1223d414eef4
a100f782-a7b3-4b11-ac1a-a8819ecd1907,Sylvester,Kutch,a4c2fe35-2d67-4bba-9349-812b95fe9a09
10cdb9bc-80db-4350-873b-8c66f153e604,Abagail,Thiel,043c2c56-39e5-4fb5-a5bc-140411399476
a0a65015-c8a5-463a-abac-8c6ee158bc77,Lenora,Bednar,89cd69d2-03a7-41b8-8a0a-4f363f728c9b
60605e05-9f76-4615-8955-b4e288d52ac8,Ewell,Mohr,1de30808-ade4-4f5f-86a8-d4fdd57165f9
ec0eefcc-8ac4-4cbd-b94c-68e9cae9046d,Ebba,Medhurst,b9c6001b-624f-4d48-afa5-02cf6ec9224e
8eb75d65-1e1c-4432-87aa-46f530948229,Eli,Kerluke,3564934c-35e7-4f38-90b2-87a75e65759f
43426038-617c-4dd2-a951-5288e45c8f46,Audreanne,Funk,68d81d6d-6dde-47b9-9f79-4e04b3ba6086
eea3ccd2-4a84-4454-ad7c-73735311d221,Janessa,Hagenes,ac518176-f76d-4144-8b14-78a25bbe0eff
634b261d-9eab-4507-8aa8-cc28e4692526,Edyth,Mayer,b4366bda-a324-4527-bd69-8069860e3d71
5e98eb62-7d1b-4301-80bb-0b9f76035f90,Arianna,Hills,7ed8c3a0-0ec9-41fe-bdae-705b18fb17fb
97660997-da1b-43bd-b17a-dd1b0bf02776,Jaida,Kiehn,ec1166af-2a7a-4b46-b9a4-047a54a04877
3babbc2b-eaba-4b0c-a9cb-c5e472e696c7,Madilyn,Fisher,a6e74fc0-757f-4b4b-9396-db1938f3b73c
12cef064-3fdb-42f6-b6f7-1838bec76f20,Reed,Oberbrunner,185f6d1a-a0c5-4476-9739-4bf463e8b3b6
a760957c-da0b-4fc6-b1c4-02b0676584bc,Bettye,Ledner,a4ee82c8-de04-4a63-b21f-6d801fcebbc4
10277c1d-7f95-4332-9462-6d61e2ea87c5,Lauretta,Torphy,86c08561-20f4-491c-9a55-92cd53eadd58
94f5a564-b3eb-4afe-87b1-96e482838d72,Yolanda,Lebsack,b9c6001b-624f-4d48-afa5-02cf6ec9224e
73df8842-6223-4e4c-b660-376e397e9415,Sterling,Pollich,64f3a0f4-37bc-4843-a39b-963d4d1e30bf
696349eb-d832-4614-a4de-70d06cd14f47,America,Price,3564934c-35e7-4f38-90b2-87a75e65759f
b433e0ed-4e23-40de-a85e-d0795cafd4b2,Jameson,Wunsch,a4ee82c8-de04-4a63-b21f-6d801fcebbc4
96cea479-512a-48d4-941a-7e3578f084dd,Melissa,Haag,aafb76ab-4796-4f88-a3d2-6c04e8cb8fe9
6c424b67-dea9-4143-81ce-91c07b4c29b2,Raoul,Erdman,7dd8ad51-a9de-4f0a-8d5d-4f70192af4c6
936fbec2-8cf8-472b-98b8-3f5c30cfe5f9,Douglas,Sporer,a2efbea7-1319-4a78-a4a8-675e95a2d05d
e1158cb6-011d-4b79-80bb-782a10cca5f4,Abby,Ferry,68d81d6d-6dde-47b9-9f79-4e04b3ba6086
f34391ff-13f6-4e64-b535-acecfe9a571a,Seamus,Grady,d9c2d18b-d4f7-4025-8f99-fa632c9cdb3c
d8937985-cc6a-4ad7-ba1f-104a79f72756,Ali,Kemmer,03558aa8-2bbe-465c-a2de-f8b3ddf19fcf
d9376cb5-f6cb-4e21-9710-f6b05cf21982,Golden,Cassin,d0cc47a6-e286-4119-b018-5aec129f5386
6d0d1c4b-9c75-4a83-9315-306b1c6e6600,Delfina,Hahn,694c7824-5428-4fba-95f8-7fc8e5b48ecb
10724f6a-1c05-4810-9e9b-ff3715a54e6e,Stephanie,Von,173c5cd1-1850-40cb-b342-941deb58cf07
85ff5537-3cdb-4d24-9f5d-767319e90cab,Della,Legros,0ec423b4-f278-4447-8eca-12e73ec0ab58
477c66c3-bffa-455e-9fdc-9cf53969859a,Cleveland,Dickinson,4bb6f462-9156-425c-a212-1223d414eef4
fafbf74f-6a56-4888-9ea1-638b67ea93c9,Heather,Mraz,443bdb9d-e4ec-4076-9500-722fe690dd62
674a7279-b49e-4d0a-9d95-acdd55e82d92,Hilario,Mraz,a9bb487d-0208-48c4-95a0-47569edad1ba
7926e549-32db-4328-a2b3-ac45cdbb31e3,Reese,Mayer,a6e74fc0-757f-4b4b-9396-db1938f3b73c
1f099878-41de-43c5-9248-328109043a00,Aleen,Ortiz,36852f45-14ce-4c8d-a27f-158ca5728814
ea78d8ae-76af-4d8f-aabb-ac0a8872da32,Golda,Franecki,222a0c52-efd7-4a04-9904-6cfef3f8ffcf
e0ac5966-9839-4842-9bd0-33fbc80e8517,Ethelyn,Smitham,b3119b65-0115-4e0d-8927-ba40ac4b83be
9a25f6f8-9d07-4f5d-96be-dd3d85f7523b,Ruben,Grady,85ca329f-c85b-40fd-9a13-b62f2487d9d2
2bad37cd-5308-492b-b4dc-30c2bed8dbdf,Nettie,Schowalter,7ed8c3a0-0ec9-41fe-bdae-705b18fb17fb
76110045-c932-4604-886a-f367b4bb7803,Meagan,Wintheiser,26022f2e-cfa7-48d5-8a73-923c110cca20
606d2bac-32b8-4205-87fe-7a1cd8bebb60,Brody,Koepp,4873d81e-3026-4c70-a6b5-3ae760ca7b46
980a2364-caf7-4c5d-9249-0fb205c82bf6,Lois,Larkin,bbd85afc-47ad-47f0-89ec-ec8d609ad5d6
64199425-1f8e-45e7-a0cb-659be80e737c,Minerva,Grimes,173c5cd1-1850-40cb-b342-941deb58cf07
25148825-0e75-4ebc-a8e0-9c464c0915d7,Lionel,Osinski,286aa3e8-d56a-4e26-8974-13c40f8132a9
85e4bd82-78b1-490e-ba2e-211a4ba2c35f,Bailey,Kiehn,4de093b7-29a7-40e3-9422-f7b67f0c17e7
fd1244ee-2aa8-42d8-887e-12557b77d5ee,Rachel,Treutel,286aa3e8-d56a-4e26-8974-13c40f8132a9
93f29a82-5649-4d09-98b0-743d25be9c0d,Mateo,Klein,ec1166af-2a7a-4b46-b9a4-047a54a04877
16ff232e-4ef7-40fe-bf34-c46a3f262c31,Mohammed,Stiedemann,08f98650-3873-4694-898c-9c39a1f34ff4
779aebf6-e3cd-4b1e-982e-d5b37c7a53e3,Rita,Lakin,ec1166af-2a7a-4b46-b9a4-047a54a04877
f31a7d54-9291-4916-95a5-f9255475e155,Eloisa,Kautzer,4873d81e-3026-4c70-a6b5-3ae760ca7b46
1739cc67-9407-49ce-89b4-453d2bd4cfa5,Frederick,Smitham,806df860-13d4-4dc1-b977-1c77606f43cc
001fb489-fbcf-4ecb-93aa-8c15ec10666a,Barney,Rutherford,b4879ada-a16f-42db-8493-ad2bc93ee438
0b70d7c8-ed09-4a4f-bb46-4254328d8f23,Bell,Kuhn,cbc5007d-ee55-44e4-85ec-32b33822da4e
34b06ac4-f5f9-4bd6-bf6b-b4c5b655357e,Toney,Murazik,6a64a9b6-5d90-46a1-8f08-db26b9ba3211
c40ff3a7-9af2-41dc-8273-bc82e11e786d,Albert,Dietrich,ac518176-f76d-4144-8b14-78a25bbe0eff
e9c42356-03ff-4d65-b37b-b07ff52de8cd,Korbin,Nolan,51d98163-4e25-420d-b530-fcf9b84e583e
6dd23a5a-7df5-4db1-a713-290ffac0ba9c,Buford,Marks,2ce17127-622f-4678-9edd-882fae6ce2e9
b6c5f1a1-e99d-48c0-937f-a6531cf0b9ab,Cassandre,Nienow,962b1a0d-a9f2-418b-bab0-ac692b8e89ff
3be00ce5-9004-4166-9921-8763a6b04757,Scot,Nikolaus,45f4c656-851c-445e-814a-9171a5160dc0
f17afadc-a801-458c-bc75-398fd9bf75f8,Greg,Rogahn,357d1c6a-cf51-4edd-b719-e171506d3542
d9413b32-6a9c-4e55-b58e-af228d173f33,Emie,Hills,12176d11-5136-45c6-a0c0-20bf4804fe8f
8554c3ac-931d-4e29-9751-d6b8cce949f4,Alexandre,Morar,4873d81e-3026-4c70-a6b5-3ae760ca7b46
2e09ea9a-41e4-406a-a9f0-cbd471af0cda,Lenore,Legros,286aa3e8-d56a-4e26-8974-13c40f8132a9
61fe150b-8ba3-42e5-b665-f65a6ac262fe,Macie,Doyle,b4879ada-a16f-42db-8493-ad2bc93ee438
35edb426-7ef0-4240-ae68-947aa2c11d13,Melody,Gusikowski,7a320b68-98bc-421a-839c-9121fde3a798
ea893611-04f8-45ee-961e-f9f31095e5e6,Florence,Kuvalis,27882fe3-360b-4c89-99bf-089ff18ab89a
2aabf99e-01f6-498d-83be-2fe37c6d6961,Wilma,Pacocha,6a64a9b6-5d90-46a1-8f08-db26b9ba3211
e50dcb8b-fe0c-4dc0-aa7e-70a95a519930,Jermey,Hartmann,1e72d1ee-accc-43f6-a215-81c2394c4e7c
3bd6857f-ab8c-41aa-b39d-bf2788c66209,Viva,Dicki,45f4c656-851c-445e-814a-9171a5160dc0
276085e3-7358-48c8-b8d4-3c933e358b89,Bianka,Boehm,64f3a0f4-37bc-4843-a39b-963d4d1e30bf
5208b4d8-5977-4bca-8bb7-590c293529fb,Melyssa,Buckridge,2ce17127-622f-4678-9edd-882fae6ce2e9
0d8af029-58dc-4104-8284-fb1ad74a64d2,Summer,White,89cd69d2-03a7-41b8-8a0a-4f363f728c9b
8e8e8436-d634-4cdd-8bae-75e24cef20c2,Otis,Bernhard,6d4ae42b-801b-464c-a068-0c710b2e5d9e
253bb2a7-6aa8-457c-948a-baf1c783ddfa,Halie,Block,6d4ae42b-801b-464c-a068-0c710b2e5d9e
f6f429d5-27b3-4538-80bd-145d62d91696,Carroll,Douglas,51e6c090-d503-4e05-be8a-6cb0cf92c71c
770ace3e-7d59-40ec-a7f5-aa0f64324398,Demarcus,Towne,5249ded5-d44b-488e-9838-367e4a2b67a8
7d623368-a71a-4360-823f-2ea13678775e,Josh,Stark,6aef9c65-200f-49b2-b38f-bbc40f465a81
ac9a378f-e2a7-4070-b641-1afc284f2663,Tess,Predovic,68329e43-8667-4196-a988-36ce6d4f692c
6fb852fc-fff5-404f-b921-38ec9953a524,Augusta,Johns,08f98650-3873-4694-898c-9c39a1f34ff4
ab99f6ba-1d7b-4e56-86ef-60df40663443,Kirstin,Balistreri,8f7af8d7-7e31-444f-aa1c-e0ad53a2d8a8
9ec2833c-3014-49a0-84cc-150a2eb67cfb,Laurel,Murray,6a64a9b6-5d90-46a1-8f08-db26b9ba3211
79505702-3cc3-4ee2-b971-9d7294a4c8f7,Sammie,Ward,02a22559-38d1-47fa-96ac-dd558dfe2b90
c5f8d6d9-f445-49e5-9160-d0c0a81b8e8e,Alize,Doyle,4873d81e-3026-4c70-a6b5-3ae760ca7b46
8997c5dd-499c-4b4f-947f-d0e87902a188,Elisabeth,Rosenbaum,2ce17127-622f-4678-9edd-882fae6ce2e9
8e1274bd-d3e7-4df0-b128-1d0119c46868,Demond,Jenkins,806df860-13d4-4dc1-b977-1c77606f43cc
c68937e0-18ce-4a30-87b2-2dd1a938111f,Herbert,Kuhic,7ca7afbd-9688-4460-99a3-ad9099ee9e2b
7aa82f3b-d052-442c-b8d3-12ce72947bda,Keanu,Klocko,02a22559-38d1-47fa-96ac-dd558dfe2b90
a10e7114-2f51-4de0-a79c-0c52b531d627,Guido,West,d00b331e-a480-4181-8a53-2c7ae99b416d
b37584ad-e19c-4ff4-b4cd-bcd257920083,Wyman,Ritchie,a4c2fe35-2d67-4bba-9349-812b95fe9a09
3ae13939-070b-4394-8aaa-8b51abb00a59,Sam,Prosacco,79f99032-59f5-4c59-af1e-8d87ccf180ae
614353aa-7ce5-48b7-98cc-f913b55050ab,Maximilian,Kirlin,7a320b68-98bc-421a-839c-9121fde3a798
3899d611-033f-47b8-9850-6f78fb67e36e,Louie,Feeney,185f6d1a-a0c5-4476-9739-4bf463e8b3b6
c482f2b5-ce90-40d7-a78a-ccf8f8cb276a,Maddison,Mueller,a67d38e4-8625-4a00-811c-c2c1e9a88a9e
038f2940-99c9-44c4-9df8-a2a8ffa416a6,Estel,Kihn,cbc5007d-ee55-44e4-85ec-32b33822da4e
76e74069-1646-481b-bc52-5bdbf500bbd9,Ronaldo,Weissnat,d4b69cc8-0c4b-4c1e-802d-2204e2b3885e
50e3816d-f5b4-4031-8603-caf80f1a8f9d,Diego,Brekke,13cebc79-5b6e-4b4d-84e9-925e5e6c2474
5ead23e2-24fa-4490-91cc-1ac51b0148bc,Alfred,Dare,d9c2d18b-d4f7-4025-8f99-fa632c9cdb3c
4b6a1c91-88ed-4720-a52c-914352d97e32,Amparo,Crona,1deb6d34-1d1a-466d-9387-99dbcadecc49
04af130c-b128-4729-991b-0cae38562e0e,Joey,Littel,8f7af8d7-7e31-444f-aa1c-e0ad53a2d8a8
4e729f14-e664-4e1d-af9f-c14ba1f22102,Kellen,Hackett,4de093b7-29a7-40e3-9422-f7b67f0c17e7
e1c2f9b7-d24e-4a2e-84aa-32e5df38ebab,Celine,Conroy,99f88e6a-af66-4ab9-86da-90ae1e2fa093
ce4ca3e1-9373-456e-8e30-13b2ffc9b5f9,Nya,Grant,694c7824-5428-4fba-95f8-7fc8e5b48ecb
c84ab1d1-083b-483b-b5d2-8bc6b1513fa4,Ed,Goodwin,694c7824-5428-4fba-95f8-7fc8e5b48ecb
f6998cf3-5342-4f23-8721-4e7342a04b3b,Antoinette,Fahey,0ec423b4-f278-4447-8eca-12e73ec0ab58
5b906c84-cb62-4af8-adca-d3acdb734487,Marion,Herman,0993a2c1-aed7-4f24-8941-f087875a1452
1c23087b-b099-4086-81aa-0bc8b8c9c813,Royal,Keebler,ec1166af-2a7a-4b46-b9a4-047a54a04877
9e8e1ba1-1ac2-40e6-ac13-d55c9739a9c2,Vida,Ondricka,b9c6001b-624f-4d48-afa5-02cf6ec9224e
41466978-4401-476b-840d-5303a1545b00,Isaac,O'Kon,89cd69d2-03a7-41b8-8a0a-4f363f728c9b
6cde14ef-1d52-4f4f-8742-ffe5c988cc51,Mathew,Grant,53bbb617-7eb3-4316-8cea-bfb436c64d77
07ac050b-531b-4232-870a-7dce82f0c0fb,Alfred,Heaney,3b56cb01-7623-4a2d-a9b7-3729dfca3740
ecfe281f-5829-492f-8639-2595b7ece079,Kirsten,Russel,86c52214-7fd2-49f6-b14d-212ffc1ef84c
6bece5ac-793d-4e2c-8d51-c5fae9741da8,Alexandre,Wisoky,7ca7afbd-9688-4460-99a3-ad9099ee9e2b
ee7e6b17-9e9a-412d-8b02-7b67512260f4,Abel,Muller,185f6d1a-a0c5-4476-9739-4bf463e8b3b6
5959f3fe-2589-4e93-8e6f-1ecdc47a08ca,Demarcus,Harber,d4b69cc8-0c4b-4c1e-802d-2204e2b3885e
145de0c2-3a26-4bbe-b2cc-b28a4894c76f,Sandra,Green,5249ded5-d44b-488e-9838-367e4a2b67a8
17d13245-35a5-4f21-a0a9-4dec72fa48da,Marcos,Wuckert,185f6d1a-a0c5-4476-9739-4bf463e8b3b6
4763f30b-6c04-49a5-b6cf-34c993996d50,Elmira,Bartoletti,ac518176-f76d-4144-8b14-78a25bbe0eff
24710534-decb-4341-b000-5162b7dc4d62,Emiliano,Stanton,b7a01113-cb95-4c71-b5e4-34f96eaa2c18
af1f6679-8148-4d3d-ae2c-e5f441ede9e4,Ernie,Baumbach,51d98163-4e25-420d-b530-fcf9b84e583e
055075e3-d034-4297-afb6-c4f61b17eb1b,Oma,Brown,b8aebd1a-7605-4223-948e-2e72c691978b
8d8ff490-5613-4d14-b262-2bdda9351c72,Liliana,Bailey,03558aa8-2bbe-465c-a2de-f8b3ddf19fcf
b5e8197a-bdbb-4309-af5f-a6f003a41a16,Giuseppe,Nolan,3e4ead6d-27cc-428f-ae68-4bdb4c6387e0
4579c0f8-06e0-436f-ac18-f7ff33d9b917,Zachariah,Rohan,86c08561-20f4-491c-9a55-92cd53eadd58
8cfdd2f2-a225-42d4-95f5-bf368935a20b,Myrtle,Toy,806df860-13d4-4dc1-b977-1c77606f43cc
bcb05de9-9eb8-4679-bc28-6262f4bdabca,Gregoria,Towne,02a22559-38d1-47fa-96ac-dd558dfe2b90
763997ef-6062-4fd7-98d8-b3f1d3dc62bf,Lavonne,Wyman,515c15bf-fba8-4bf4-90cd-0c98ed98ee10
fb53f145-90ea-4397-b395-01d3603302f9,Alta,Connelly,a6e74fc0-757f-4b4b-9396-db1938f3b73c
c1713431-d6c2-4b3b-b9ae-1612a31f4913,Rachelle,Armstrong,8a699765-fba8-4563-9b45-03449f980c3b
710e5af3-9ccc-4c58-bb19-c5317180054c,Alia,Conroy,68329e43-8667-4196-a988-36ce6d4f692c
a78a1dba-268a-4b62-9c45-ba1ddde88638,Laurine,Heller,515c15bf-fba8-4bf4-90cd-0c98ed98ee10
9bcd42c1-fca1-4624-b7c7-a5e041c4bcef,Turner,Emard,a4c2fe35-2d67-4bba-9349-812b95fe9a09
7b97cec7-158c-42ac-83de-454aeffbd450,Kattie,Kling,7cef21df-99bf-471e-afd8-aab72256ee2b
d170022e-13cf-4b8d-ac04-ae8ce9fb2fd6,Merle,Kuvalis,222a0c52-efd7-4a04-9904-6cfef3f8ffcf
d26a9727-4ca0-40fe-80bd-e8a4d190c83a,Sigurd,Reynolds,668331d4-a6dc-40ee-8934-5728be8002e5
8a98e7a5-5085-4e06-8acc-3484cc157b7e,Twila,Adams,668331d4-a6dc-40ee-8934-5728be8002e5
72666990-7af2-4e7b-82ec-e690b715c4a0,Vergie,Beer,6aef9c65-200f-49b2-b38f-bbc40f465a81
7c2e71ae-a0dc-4b98-b7ad-acb9727b647d,Marcus,Wisozk,b8aebd1a-7605-4223-948e-2e72c691978b
25f6ad4a-dd55-4069-bc20-061f6eb8321a,Rebeca,Tillman,e3927a39-6af0-4378-92a3-a29c72d51c52
af5a1093-d86e-421e-83ab-3301c7447b26,Celine,Terry,a67d38e4-8625-4a00-811c-c2c1e9a88a9e
d4587313-b66d-4ad7-85fb-9ef80a175de4,Riley,Deckow,d0cc47a6-e286-4119-b018-5aec129f5386
58243e61-9913-4dc2-a144-119969e0ff7f,Breana,Kuphal,ac518176-f76d-4144-8b14-78a25bbe0eff
1eac45ce-b7e7-43cb-bdaa-dfa99a228997,Kurtis,Abshire,3b56cb01-7623-4a2d-a9b7-3729dfca3740
5cd1f935-f195-465f-8b82-d44d7235e514,Gordon,Walker,b635ede6-c582-4850-a3d9-5825af931b95
ab301132-2b3f-4945-91ca-caca5ba4a9d7,Edison,Kunze,7a320b68-98bc-421a-839c-9121fde3a798
2c050c32-98e8-4e70-8522-99c04672fd82,Petra,Upton,173c5cd1-1850-40cb-b342-941deb58cf07
69bf8578-acee-48ce-87df-d1e550273990,Rusty,Hettinger,7cef21df-99bf-471e-afd8-aab72256ee2b
93d8cac3-0657-4d44-a0a0-c20ea61154de,Tiana,Bauch,bbd85afc-47ad-47f0-89ec-ec8d609ad5d6
92114595-aa32-46b0-85c1-3a383b2ad095,Lydia,McClure,b3119b65-0115-4e0d-8927-ba40ac4b83be
a991b763-56e3-4b60-a768-9fe24eb8217b,Joesph,Miller,ec1166af-2a7a-4b46-b9a4-047a54a04877
fa839280-a0a6-41dd-b120-4a7144e509f4,Jabari,Koch,0993a2c1-aed7-4f24-8941-f087875a1452
2c50ea6d-62cd-4dea-8e61-a19659159998,Cornell,Langworth,b4879ada-a16f-42db-8493-ad2bc93ee438
ef8eabc5-5e8c-48ba-b10d-a4b9046640f7,Tre,Littel,b9c6001b-624f-4d48-afa5-02cf6ec9224e
e8a168fa-ed1e-4c6f-83a6-909c6fed8e12,Irving,Johnson,1de30808-ade4-4f5f-86a8-d4fdd57165f9
914873b7-e107-428a-845e-b7bda8ada82f,Susana,Breitenberg,919023a2-cace-4ff8-b5ea-49e76bef1823
86683d90-8e62-48b7-a309-60ba67457d8e,Cordelia,Krajcik,8545965f-a475-43ce-bcc0-baffd816621c
43d3def2-29da-481c-9ff1-1d65a7632466,Jack,Trantow,173c5cd1-1850-40cb-b342-941deb58cf07
276f0c83-583e-45cb-a222-ac04ab9a40b2,Anika,White,27882fe3-360b-4c89-99bf-089ff18ab89a
c89ccafb-12ca-4490-b83f-63e99de59724,Mable,Renner,7196c9d0-3353-4955-a7fc-f433bb85ddf8
dbe2434f-e773-4493-b250-58703622b723,Ruthie,Hauck,222a0c52-efd7-4a04-9904-6cfef3f8ffcf
e68216ad-91e3-4e0e-b0b2-f81c811a5cb1,Olin,Weber,8a699765-fba8-4563-9b45-03449f980c3b
88704721-0f9d-43ef-8158-8d854bd22d35,Dedrick,Rice,8545965f-a475-43ce-bcc0-baffd816621c
567374c9-16fe-4559-8d86-4b2debdb3d1d,Donna,Murphy,44e7c725-51c6-426c-8861-3c4175b03749
732c4d5f-e35c-48a4-a5ac-7a097f579810,Hallie,Trantow,89a1c38e-d86a-4508-9ffa-443cec35fd5a
aaf37806-cf67-4703-9c81-fc6f82e60c3a,Coby,Zieme,05aaf131-f42b-4f1b-a218-4b4e16531964
7a024f10-7815-436f-8c78-c8466633f29a,Antonietta,Schaden,8a699765-fba8-4563-9b45-03449f980c3b
3838d83e-ff81-43fb-a87b-cab79bf666b5,Maurine,Wuckert,cbc5007d-ee55-44e4-85ec-32b33822da4e
acc1f9a4-446c-44e2-ab81-34615982cb0c,Hilda,Kiehn,1deb6d34-1d1a-466d-9387-99dbcadecc49
29f4c8af-708b-460a-a554-57fb27416c58,Solon,Langosh,0993a2c1-aed7-4f24-8941-f087875a1452
8e955854-716d-4a5c-b225-3342d12e6e87,Rozella,Ritchie,03558aa8-2bbe-465c-a2de-f8b3ddf19fcf
2f61706d-0ac1-4242-9416-31ed383736c8,Zella,Feeney,d4b69cc8-0c4b-4c1e-802d-2204e2b3885e
be196d46-08cb-4cbc-9ee9-8571682192e0,Amanda,Collier,02a22559-38d1-47fa-96ac-dd558dfe2b90
82f252de-b11e-4e28-81ad-34f8b486472d,Candice,Cummings,64f3a0f4-37bc-4843-a39b-963d4d1e30bf
6a39a54c-1bae-4015-9425-21f98c250a12,Tod,Quigley,173c5cd1-1850-40cb-b342-941deb58cf07
6b3f0d8e-2e26-4f7a-bb81-cddb871c6aa8,Kristina,Gerlach,ac518176-f76d-4144-8b14-78a25bbe0eff
34ee7cac-31a6-41d6-bdc1-36a17185c112,Janessa,Keeling,2ce17127-622f-4678-9edd-882fae6ce2e9
ee1a38d9-60e9-44d1-83b2-496bade76d9d,Ruthie,Bechtelar,a9bb487d-0208-48c4-95a0-47569edad1ba
8e21c7d7-b6d3-436a-a50d-b51ae34afc7a,Mackenzie,Cartwright,286aa3e8-d56a-4e26-8974-13c40f8132a9
6dd1acaf-e80b-4ef6-8fdd-30cc2a6f191d,Felicity,Bradtke,a01f4ca7-c866-487f-adf0-b7ca62e1e94c
f3a57519-81fd-4a33-a347-5240ac458056,Luna,Watsica,a4ee82c8-de04-4a63-b21f-6d801fcebbc4
1a4674b2-273d-4656-924e-250dfd9d70c0,Magnus,Treutel,51d98163-4e25-420d-b530-fcf9b84e583e
971824d2-cfff-48b5-a0e1-5b4d9188ee52,Jane,Kemmer,7196c9d0-3353-4955-a7fc-f433bb85ddf8
9e882b16-d8ea-43dd-931e-7de562c156a8,Westley,Stamm,44e7c725-51c6-426c-8861-3c4175b03749
a6300122-cce3-42a3-a2f3-50aad1f7fa13,Pattie,Windler,7ca7afbd-9688-4460-99a3-ad9099ee9e2b
d7808239-5a0b-4793-9ce9-7f2623deaca0,Julien,Tromp,173c5cd1-1850-40cb-b342-941deb58cf07
c0f745f8-e31e-4a12-b807-48533957a8d6,Al,Daugherty,357d1c6a-cf51-4edd-b719-e171506d3542
2803aef6-8938-4f9e-b96d-24eea86a1166,Charley,Bauch,443bdb9d-e4ec-4076-9500-722fe690dd62
3569e9e8-a9e4-4604-8cea-db63be4b57f1,Bonnie,Kunde,d4b69cc8-0c4b-4c1e-802d-2204e2b3885e
